2025-12-16 07:31:58:3158 [31merror[39m: [31munhandledRejection: Connection.prototype.close() no longer accepts a callback[39m
[31mMongooseError: Connection.prototype.close() no longer accepts a callback[39m
[31m    at NativeConnection.close (D:\project\mobile_apps\backends\JobConnect\Backend\node_modules\mongoose\lib\connection.js:1205:11)[39m
[31m    at Server.<anonymous> (D:\project\mobile_apps\backends\JobConnect\Backend\src\server.js:409:29)[39m
[31m    at Object.onceWrapper (node:events:621:28)[39m
[31m    at Server.emit (node:events:519:35)[39m
[31m    at emitCloseNT (node:net:2416:8)[39m
[31m    at process.processTicksAndRejections (node:internal/process/task_queues:89:21)[39m
2025-12-16 07:41:13:4113 [31merror[39m: [31munhandledRejection: Connection.prototype.close() no longer accepts a callback[39m
[31mMongooseError: Connection.prototype.close() no longer accepts a callback[39m
[31m    at NativeConnection.close (D:\project\mobile_apps\backends\JobConnect\Backend\node_modules\mongoose\lib\connection.js:1205:11)[39m
[31m    at Server.<anonymous> (D:\project\mobile_apps\backends\JobConnect\Backend\src\server.js:409:29)[39m
[31m    at Object.onceWrapper (node:events:621:28)[39m
[31m    at Server.emit (node:events:519:35)[39m
[31m    at emitCloseNT (node:net:2416:8)[39m
[31m    at process.processTicksAndRejections (node:internal/process/task_queues:89:21)[39m
2025-12-16 07:47:02:472 [31merror[39m: [31munhandledRejection: Connection.prototype.close() no longer accepts a callback[39m
[31mMongooseError: Connection.prototype.close() no longer accepts a callback[39m
[31m    at NativeConnection.close (D:\project\mobile_apps\backends\JobConnect\Backend\node_modules\mongoose\lib\connection.js:1205:11)[39m
[31m    at Server.<anonymous> (D:\project\mobile_apps\backends\JobConnect\Backend\src\server.js:409:29)[39m
[31m    at Object.onceWrapper (node:events:621:28)[39m
[31m    at Server.emit (node:events:519:35)[39m
[31m    at emitCloseNT (node:net:2416:8)[39m
[31m    at process.processTicksAndRejections (node:internal/process/task_queues:89:21)[39m
2025-12-16 07:48:59:4859 [31merror[39m: [31munhandledRejection: Connection.prototype.close() no longer accepts a callback[39m
[31mMongooseError: Connection.prototype.close() no longer accepts a callback[39m
[31m    at NativeConnection.close (D:\project\mobile_apps\backends\JobConnect\Backend\node_modules\mongoose\lib\connection.js:1205:11)[39m
[31m    at Server.<anonymous> (D:\project\mobile_apps\backends\JobConnect\Backend\src\server.js:409:29)[39m
[31m    at Object.onceWrapper (node:events:621:28)[39m
[31m    at Server.emit (node:events:519:35)[39m
[31m    at emitCloseNT (node:net:2416:8)[39m
[31m    at process.processTicksAndRejections (node:internal/process/task_queues:89:21)[39m
2025-12-16 10:22:02:222 [31merror[39m: [31munhandledRejection: Connection.prototype.close() no longer accepts a callback[39m
[31mMongooseError: Connection.prototype.close() no longer accepts a callback[39m
[31m    at NativeConnection.close (D:\project\mobile_apps\backends\JobConnect\Backend\node_modules\mongoose\lib\connection.js:1205:11)[39m
[31m    at Server.<anonymous> (D:\project\mobile_apps\backends\JobConnect\Backend\src\server.js:409:29)[39m
[31m    at Object.onceWrapper (node:events:621:28)[39m
[31m    at Server.emit (node:events:519:35)[39m
[31m    at emitCloseNT (node:net:2416:8)[39m
[31m    at process.processTicksAndRejections (node:internal/process/task_queues:89:21)[39m
2025-12-16 10:40:29:4029 [31merror[39m: [31munhandledRejection: Connection.prototype.close() no longer accepts a callback[39m
[31mMongooseError: Connection.prototype.close() no longer accepts a callback[39m
[31m    at NativeConnection.close (D:\project\mobile_apps\backends\JobConnect\Backend\node_modules\mongoose\lib\connection.js:1205:11)[39m
[31m    at Server.<anonymous> (D:\project\mobile_apps\backends\JobConnect\Backend\src\server.js:409:29)[39m
[31m    at Object.onceWrapper (node:events:621:28)[39m
[31m    at Server.emit (node:events:519:35)[39m
[31m    at emitCloseNT (node:net:2416:8)[39m
[31m    at process.processTicksAndRejections (node:internal/process/task_queues:89:21)[39m
2025-12-16 10:51:32:5132 [31merror[39m: [31munhandledRejection: Connection.prototype.close() no longer accepts a callback[39m
[31mMongooseError: Connection.prototype.close() no longer accepts a callback[39m
[31m    at NativeConnection.close (D:\project\mobile_apps\backends\JobConnect\Backend\node_modules\mongoose\lib\connection.js:1205:11)[39m
[31m    at Server.<anonymous> (D:\project\mobile_apps\backends\JobConnect\Backend\src\server.js:409:29)[39m
[31m    at Object.onceWrapper (node:events:621:28)[39m
[31m    at Server.emit (node:events:519:35)[39m
[31m    at emitCloseNT (node:net:2416:8)[39m
[31m    at process.processTicksAndRejections (node:internal/process/task_queues:89:21)[39m
2025-12-16 10:58:42:5842 [31merror[39m: [31munhandledRejection: Connection.prototype.close() no longer accepts a callback[39m
[31mMongooseError: Connection.prototype.close() no longer accepts a callback[39m
[31m    at NativeConnection.close (D:\project\mobile_apps\backends\JobConnect\Backend\node_modules\mongoose\lib\connection.js:1205:11)[39m
[31m    at Server.<anonymous> (D:\project\mobile_apps\backends\JobConnect\Backend\src\server.js:409:29)[39m
[31m    at Object.onceWrapper (node:events:621:28)[39m
[31m    at Server.emit (node:events:519:35)[39m
[31m    at emitCloseNT (node:net:2416:8)[39m
[31m    at process.processTicksAndRejections (node:internal/process/task_queues:89:21)[39m
2025-12-16 14:36:23:3623 [31merror[39m: [31munhandledRejection: Connection.prototype.close() no longer accepts a callback[39m
[31mMongooseError: Connection.prototype.close() no longer accepts a callback[39m
[31m    at NativeConnection.close (D:\project\mobile_apps\backends\JobConnect\Backend\node_modules\mongoose\lib\connection.js:1205:11)[39m
[31m    at Server.<anonymous> (D:\project\mobile_apps\backends\JobConnect\Backend\src\server.js:409:29)[39m
[31m    at Object.onceWrapper (node:events:621:28)[39m
[31m    at Server.emit (node:events:519:35)[39m
[31m    at emitCloseNT (node:net:2416:8)[39m
[31m    at process.processTicksAndRejections (node:internal/process/task_queues:89:21)[39m
2025-12-16 16:33:18:3318 [31merror[39m: [31munhandledRejection: Connection.prototype.close() no longer accepts a callback[39m
[31mMongooseError: Connection.prototype.close() no longer accepts a callback[39m
[31m    at NativeConnection.close (D:\project\mobile_apps\backends\JobConnect\Backend\node_modules\mongoose\lib\connection.js:1205:11)[39m
[31m    at Server.<anonymous> (D:\project\mobile_apps\backends\JobConnect\Backend\src\server.js:409:29)[39m
[31m    at Object.onceWrapper (node:events:621:28)[39m
[31m    at Server.emit (node:events:519:35)[39m
[31m    at emitCloseNT (node:net:2416:8)[39m
[31m    at process.processTicksAndRejections (node:internal/process/task_queues:89:21)[39m
2025-12-16 17:10:37:1037 [31merror[39m: [31munhandledRejection: Connection.prototype.close() no longer accepts a callback[39m
[31mMongooseError: Connection.prototype.close() no longer accepts a callback[39m
[31m    at NativeConnection.close (D:\project\mobile_apps\backends\JobConnect\Backend\node_modules\mongoose\lib\connection.js:1205:11)[39m
[31m    at Server.<anonymous> (D:\project\mobile_apps\backends\JobConnect\Backend\src\server.js:409:29)[39m
[31m    at Object.onceWrapper (node:events:621:28)[39m
[31m    at Server.emit (node:events:519:35)[39m
[31m    at emitCloseNT (node:net:2416:8)[39m
[31m    at process.processTicksAndRejections (node:internal/process/task_queues:89:21)[39m
2025-12-16 18:54:40:5440 [31merror[39m: [31munhandledRejection: Connection.prototype.close() no longer accepts a callback[39m
[31mMongooseError: Connection.prototype.close() no longer accepts a callback[39m
[31m    at NativeConnection.close (D:\project\mobile_apps\backends\JobConnect\Backend\node_modules\mongoose\lib\connection.js:1205:11)[39m
[31m    at Server.<anonymous> (D:\project\mobile_apps\backends\JobConnect\Backend\src\server.js:409:29)[39m
[31m    at Object.onceWrapper (node:events:621:28)[39m
[31m    at Server.emit (node:events:519:35)[39m
[31m    at emitCloseNT (node:net:2416:8)[39m
[31m    at process.processTicksAndRejections (node:internal/process/task_queues:89:21)[39m
2025-12-16 19:00:48:048 [31merror[39m: [31munhandledRejection: Connection.prototype.close() no longer accepts a callback[39m
[31mMongooseError: Connection.prototype.close() no longer accepts a callback[39m
[31m    at NativeConnection.close (D:\project\mobile_apps\backends\JobConnect\Backend\node_modules\mongoose\lib\connection.js:1205:11)[39m
[31m    at Server.<anonymous> (D:\project\mobile_apps\backends\JobConnect\Backend\src\server.js:409:29)[39m
[31m    at Object.onceWrapper (node:events:621:28)[39m
[31m    at Server.emit (node:events:519:35)[39m
[31m    at emitCloseNT (node:net:2416:8)[39m
[31m    at process.processTicksAndRejections (node:internal/process/task_queues:89:21)[39m
2025-12-16 19:08:10:810 [31merror[39m: [31munhandledRejection: Connection.prototype.close() no longer accepts a callback[39m
[31mMongooseError: Connection.prototype.close() no longer accepts a callback[39m
[31m    at NativeConnection.close (D:\project\mobile_apps\backends\JobConnect\Backend\node_modules\mongoose\lib\connection.js:1205:11)[39m
[31m    at Server.<anonymous> (D:\project\mobile_apps\backends\JobConnect\Backend\src\server.js:409:29)[39m
[31m    at Object.onceWrapper (node:events:621:28)[39m
[31m    at Server.emit (node:events:519:35)[39m
[31m    at emitCloseNT (node:net:2416:8)[39m
[31m    at process.processTicksAndRejections (node:internal/process/task_queues:89:21)[39m
2025-12-20 22:13:52:1352 [31merror[39m: [31munhandledRejection: Connection.prototype.close() no longer accepts a callback[39m
[31mMongooseError: Connection.prototype.close() no longer accepts a callback[39m
[31m    at NativeConnection.close (D:\project\mobile_apps\backends\JobConnect\Backend\node_modules\mongoose\lib\connection.js:1205:11)[39m
[31m    at Server.<anonymous> (D:\project\mobile_apps\backends\JobConnect\Backend\src\server.js:409:29)[39m
[31m    at Object.onceWrapper (node:events:621:28)[39m
[31m    at Server.emit (node:events:519:35)[39m
[31m    at emitCloseNT (node:net:2416:8)[39m
[31m    at process.processTicksAndRejections (node:internal/process/task_queues:89:21)[39m
2025-12-20 22:18:24:1824 [31merror[39m: [31munhandledRejection: Connection.prototype.close() no longer accepts a callback[39m
[31mMongooseError: Connection.prototype.close() no longer accepts a callback[39m
[31m    at NativeConnection.close (D:\project\mobile_apps\backends\JobConnect\Backend\node_modules\mongoose\lib\connection.js:1205:11)[39m
[31m    at Server.<anonymous> (D:\project\mobile_apps\backends\JobConnect\Backend\src\server.js:409:29)[39m
[31m    at Object.onceWrapper (node:events:621:28)[39m
[31m    at Server.emit (node:events:519:35)[39m
[31m    at emitCloseNT (node:net:2416:8)[39m
[31m    at process.processTicksAndRejections (node:internal/process/task_queues:89:21)[39m
2025-12-20 22:21:29:2129 [31merror[39m: [31munhandledRejection: Connection.prototype.close() no longer accepts a callback[39m
[31mMongooseError: Connection.prototype.close() no longer accepts a callback[39m
[31m    at NativeConnection.close (D:\project\mobile_apps\backends\JobConnect\Backend\node_modules\mongoose\lib\connection.js:1205:11)[39m
[31m    at Server.<anonymous> (D:\project\mobile_apps\backends\JobConnect\Backend\src\server.js:409:29)[39m
[31m    at Object.onceWrapper (node:events:621:28)[39m
[31m    at Server.emit (node:events:519:35)[39m
[31m    at emitCloseNT (node:net:2416:8)[39m
[31m    at process.processTicksAndRejections (node:internal/process/task_queues:89:21)[39m
2025-12-20 22:25:15:2515 [31merror[39m: [31munhandledRejection: Connection.prototype.close() no longer accepts a callback[39m
[31mMongooseError: Connection.prototype.close() no longer accepts a callback[39m
[31m    at NativeConnection.close (D:\project\mobile_apps\backends\JobConnect\Backend\node_modules\mongoose\lib\connection.js:1205:11)[39m
[31m    at Server.<anonymous> (D:\project\mobile_apps\backends\JobConnect\Backend\src\server.js:409:29)[39m
[31m    at Object.onceWrapper (node:events:621:28)[39m
[31m    at Server.emit (node:events:519:35)[39m
[31m    at emitCloseNT (node:net:2416:8)[39m
[31m    at process.processTicksAndRejections (node:internal/process/task_queues:89:21)[39m
2025-12-20 22:30:20:3020 [31merror[39m: [31munhandledRejection: Connection.prototype.close() no longer accepts a callback[39m
[31mMongooseError: Connection.prototype.close() no longer accepts a callback[39m
[31m    at NativeConnection.close (D:\project\mobile_apps\backends\JobConnect\Backend\node_modules\mongoose\lib\connection.js:1205:11)[39m
[31m    at Server.<anonymous> (D:\project\mobile_apps\backends\JobConnect\Backend\src\server.js:409:29)[39m
[31m    at Object.onceWrapper (node:events:621:28)[39m
[31m    at Server.emit (node:events:519:35)[39m
[31m    at emitCloseNT (node:net:2416:8)[39m
[31m    at process.processTicksAndRejections (node:internal/process/task_queues:89:21)[39m
2025-12-20 22:31:51:3151 [31merror[39m: [31munhandledRejection: Connection.prototype.close() no longer accepts a callback[39m
[31mMongooseError: Connection.prototype.close() no longer accepts a callback[39m
[31m    at NativeConnection.close (D:\project\mobile_apps\backends\JobConnect\Backend\node_modules\mongoose\lib\connection.js:1205:11)[39m
[31m    at Server.<anonymous> (D:\project\mobile_apps\backends\JobConnect\Backend\src\server.js:409:29)[39m
[31m    at Object.onceWrapper (node:events:621:28)[39m
[31m    at Server.emit (node:events:519:35)[39m
[31m    at emitCloseNT (node:net:2416:8)[39m
[31m    at process.processTicksAndRejections (node:internal/process/task_queues:89:21)[39m
2025-12-20 22:34:07:347 [31merror[39m: [31munhandledRejection: Connection.prototype.close() no longer accepts a callback[39m
[31mMongooseError: Connection.prototype.close() no longer accepts a callback[39m
[31m    at NativeConnection.close (D:\project\mobile_apps\backends\JobConnect\Backend\node_modules\mongoose\lib\connection.js:1205:11)[39m
[31m    at Server.<anonymous> (D:\project\mobile_apps\backends\JobConnect\Backend\src\server.js:409:29)[39m
[31m    at Object.onceWrapper (node:events:621:28)[39m
[31m    at Server.emit (node:events:519:35)[39m
[31m    at emitCloseNT (node:net:2416:8)[39m
[31m    at process.processTicksAndRejections (node:internal/process/task_queues:89:21)[39m
2025-12-20 22:35:41:3541 [31merror[39m: [31munhandledRejection: Connection.prototype.close() no longer accepts a callback[39m
[31mMongooseError: Connection.prototype.close() no longer accepts a callback[39m
[31m    at NativeConnection.close (D:\project\mobile_apps\backends\JobConnect\Backend\node_modules\mongoose\lib\connection.js:1205:11)[39m
[31m    at Server.<anonymous> (D:\project\mobile_apps\backends\JobConnect\Backend\src\server.js:409:29)[39m
[31m    at Object.onceWrapper (node:events:621:28)[39m
[31m    at Server.emit (node:events:519:35)[39m
[31m    at emitCloseNT (node:net:2416:8)[39m
[31m    at process.processTicksAndRejections (node:internal/process/task_queues:89:21)[39m
2025-12-20 22:37:39:3739 [31merror[39m: [31munhandledRejection: Connection.prototype.close() no longer accepts a callback[39m
[31mMongooseError: Connection.prototype.close() no longer accepts a callback[39m
[31m    at NativeConnection.close (D:\project\mobile_apps\backends\JobConnect\Backend\node_modules\mongoose\lib\connection.js:1205:11)[39m
[31m    at Server.<anonymous> (D:\project\mobile_apps\backends\JobConnect\Backend\src\server.js:409:29)[39m
[31m    at Object.onceWrapper (node:events:621:28)[39m
[31m    at Server.emit (node:events:519:35)[39m
[31m    at emitCloseNT (node:net:2416:8)[39m
[31m    at process.processTicksAndRejections (node:internal/process/task_queues:89:21)[39m
2025-12-20 22:41:05:415 [31merror[39m: [31munhandledRejection: Connection.prototype.close() no longer accepts a callback[39m
[31mMongooseError: Connection.prototype.close() no longer accepts a callback[39m
[31m    at NativeConnection.close (D:\project\mobile_apps\backends\JobConnect\Backend\node_modules\mongoose\lib\connection.js:1205:11)[39m
[31m    at Server.<anonymous> (D:\project\mobile_apps\backends\JobConnect\Backend\src\server.js:409:29)[39m
[31m    at Object.onceWrapper (node:events:621:28)[39m
[31m    at Server.emit (node:events:519:35)[39m
[31m    at emitCloseNT (node:net:2416:8)[39m
[31m    at process.processTicksAndRejections (node:internal/process/task_queues:89:21)[39m
2025-12-20 22:43:31:4331 [31merror[39m: [31munhandledRejection: Connection.prototype.close() no longer accepts a callback[39m
[31mMongooseError: Connection.prototype.close() no longer accepts a callback[39m
[31m    at NativeConnection.close (D:\project\mobile_apps\backends\JobConnect\Backend\node_modules\mongoose\lib\connection.js:1205:11)[39m
[31m    at Server.<anonymous> (D:\project\mobile_apps\backends\JobConnect\Backend\src\server.js:409:29)[39m
[31m    at Object.onceWrapper (node:events:621:28)[39m
[31m    at Server.emit (node:events:519:35)[39m
[31m    at emitCloseNT (node:net:2416:8)[39m
[31m    at process.processTicksAndRejections (node:internal/process/task_queues:89:21)[39m
2025-12-20 22:54:38:5438 [31merror[39m: [31munhandledRejection: Connection.prototype.close() no longer accepts a callback[39m
[31mMongooseError: Connection.prototype.close() no longer accepts a callback[39m
[31m    at NativeConnection.close (D:\project\mobile_apps\backends\JobConnect\Backend\node_modules\mongoose\lib\connection.js:1205:11)[39m
[31m    at Server.<anonymous> (D:\project\mobile_apps\backends\JobConnect\Backend\src\server.js:409:29)[39m
[31m    at Object.onceWrapper (node:events:621:28)[39m
[31m    at Server.emit (node:events:519:35)[39m
[31m    at emitCloseNT (node:net:2416:8)[39m
[31m    at process.processTicksAndRejections (node:internal/process/task_queues:89:21)[39m
2025-12-20 23:58:20:5820 [31merror[39m: [31munhandledRejection: Connection.prototype.close() no longer accepts a callback[39m
[31mMongooseError: Connection.prototype.close() no longer accepts a callback[39m
[31m    at NativeConnection.close (D:\project\mobile_apps\backends\JobConnect\Backend\node_modules\mongoose\lib\connection.js:1205:11)[39m
[31m    at Server.<anonymous> (D:\project\mobile_apps\backends\JobConnect\Backend\src\server.js:409:29)[39m
[31m    at Object.onceWrapper (node:events:621:28)[39m
[31m    at Server.emit (node:events:519:35)[39m
[31m    at emitCloseNT (node:net:2416:8)[39m
[31m    at process.processTicksAndRejections (node:internal/process/task_queues:89:21)[39m
2025-12-21 00:06:16:616 [31merror[39m: [31munhandledRejection: Connection.prototype.close() no longer accepts a callback[39m
[31mMongooseError: Connection.prototype.close() no longer accepts a callback[39m
[31m    at NativeConnection.close (D:\project\mobile_apps\backends\JobConnect\Backend\node_modules\mongoose\lib\connection.js:1205:11)[39m
[31m    at Server.<anonymous> (D:\project\mobile_apps\backends\JobConnect\Backend\src\server.js:409:29)[39m
[31m    at Object.onceWrapper (node:events:621:28)[39m
[31m    at Server.emit (node:events:519:35)[39m
[31m    at emitCloseNT (node:net:2416:8)[39m
[31m    at process.processTicksAndRejections (node:internal/process/task_queues:89:21)[39m
2025-12-21 00:27:10:2710 [31merror[39m: [31munhandledRejection: Connection.prototype.close() no longer accepts a callback[39m
[31mMongooseError: Connection.prototype.close() no longer accepts a callback[39m
[31m    at NativeConnection.close (D:\project\mobile_apps\backends\JobConnect\Backend\node_modules\mongoose\lib\connection.js:1205:11)[39m
[31m    at Server.<anonymous> (D:\project\mobile_apps\backends\JobConnect\Backend\src\server.js:409:29)[39m
[31m    at Object.onceWrapper (node:events:621:28)[39m
[31m    at Server.emit (node:events:519:35)[39m
[31m    at emitCloseNT (node:net:2416:8)[39m
[31m    at process.processTicksAndRejections (node:internal/process/task_queues:89:21)[39m
2025-12-21 01:06:34:634 [31merror[39m: [31munhandledRejection: Connection.prototype.close() no longer accepts a callback[39m
[31mMongooseError: Connection.prototype.close() no longer accepts a callback[39m
[31m    at NativeConnection.close (D:\project\mobile_apps\backends\JobConnect\Backend\node_modules\mongoose\lib\connection.js:1205:11)[39m
[31m    at Server.<anonymous> (D:\project\mobile_apps\backends\JobConnect\Backend\src\server.js:409:29)[39m
[31m    at Object.onceWrapper (node:events:621:28)[39m
[31m    at Server.emit (node:events:519:35)[39m
[31m    at emitCloseNT (node:net:2416:8)[39m
[31m    at process.processTicksAndRejections (node:internal/process/task_queues:89:21)[39m
2025-12-21 01:16:51:1651 [31merror[39m: [31munhandledRejection: Connection.prototype.close() no longer accepts a callback[39m
[31mMongooseError: Connection.prototype.close() no longer accepts a callback[39m
[31m    at NativeConnection.close (D:\project\mobile_apps\backends\JobConnect\Backend\node_modules\mongoose\lib\connection.js:1205:11)[39m
[31m    at Server.<anonymous> (D:\project\mobile_apps\backends\JobConnect\Backend\src\server.js:409:29)[39m
[31m    at Object.onceWrapper (node:events:621:28)[39m
[31m    at Server.emit (node:events:519:35)[39m
[31m    at emitCloseNT (node:net:2416:8)[39m
[31m    at process.processTicksAndRejections (node:internal/process/task_queues:89:21)[39m
2025-12-21 01:35:16:3516 [31merror[39m: [31munhandledRejection: Connection.prototype.close() no longer accepts a callback[39m
[31mMongooseError: Connection.prototype.close() no longer accepts a callback[39m
[31m    at NativeConnection.close (D:\project\mobile_apps\backends\JobConnect\Backend\node_modules\mongoose\lib\connection.js:1205:11)[39m
[31m    at Server.<anonymous> (D:\project\mobile_apps\backends\JobConnect\Backend\src\server.js:409:29)[39m
[31m    at Object.onceWrapper (node:events:621:28)[39m
[31m    at Server.emit (node:events:519:35)[39m
[31m    at emitCloseNT (node:net:2416:8)[39m
[31m    at process.processTicksAndRejections (node:internal/process/task_queues:89:21)[39m
2025-12-21 01:46:57:4657 [31merror[39m: [31munhandledRejection: Connection.prototype.close() no longer accepts a callback[39m
[31mMongooseError: Connection.prototype.close() no longer accepts a callback[39m
[31m    at NativeConnection.close (D:\project\mobile_apps\backends\JobConnect\Backend\node_modules\mongoose\lib\connection.js:1205:11)[39m
[31m    at Server.<anonymous> (D:\project\mobile_apps\backends\JobConnect\Backend\src\server.js:409:29)[39m
[31m    at Object.onceWrapper (node:events:621:28)[39m
[31m    at Server.emit (node:events:519:35)[39m
[31m    at emitCloseNT (node:net:2416:8)[39m
[31m    at process.processTicksAndRejections (node:internal/process/task_queues:89:21)[39m
2025-12-21 02:12:48:1248 [31merror[39m: [31munhandledRejection: Connection.prototype.close() no longer accepts a callback[39m
[31mMongooseError: Connection.prototype.close() no longer accepts a callback[39m
[31m    at NativeConnection.close (D:\project\mobile_apps\backends\JobConnect\Backend\node_modules\mongoose\lib\connection.js:1205:11)[39m
[31m    at Server.<anonymous> (D:\project\mobile_apps\backends\JobConnect\Backend\src\server.js:409:29)[39m
[31m    at Object.onceWrapper (node:events:621:28)[39m
[31m    at Server.emit (node:events:519:35)[39m
[31m    at emitCloseNT (node:net:2416:8)[39m
[31m    at process.processTicksAndRejections (node:internal/process/task_queues:89:21)[39m
2025-12-21 06:20:36:2036 [31merror[39m: [31munhandledRejection: Connection.prototype.close() no longer accepts a callback[39m
[31mMongooseError: Connection.prototype.close() no longer accepts a callback[39m
[31m    at NativeConnection.close (D:\project\mobile_apps\backends\JobConnect\Backend\node_modules\mongoose\lib\connection.js:1205:11)[39m
[31m    at Server.<anonymous> (D:\project\mobile_apps\backends\JobConnect\Backend\src\server.js:409:29)[39m
[31m    at Object.onceWrapper (node:events:621:28)[39m
[31m    at Server.emit (node:events:519:35)[39m
[31m    at emitCloseNT (node:net:2416:8)[39m
[31m    at process.processTicksAndRejections (node:internal/process/task_queues:89:21)[39m
2025-12-21 08:29:10:2910 [31merror[39m: [31munhandledRejection: Connection.prototype.close() no longer accepts a callback[39m
[31mMongooseError: Connection.prototype.close() no longer accepts a callback[39m
[31m    at NativeConnection.close (D:\project\mobile_apps\backends\JobConnect\Backend\node_modules\mongoose\lib\connection.js:1205:11)[39m
[31m    at Server.<anonymous> (D:\project\mobile_apps\backends\JobConnect\Backend\src\server.js:409:29)[39m
[31m    at Object.onceWrapper (node:events:621:28)[39m
[31m    at Server.emit (node:events:519:35)[39m
[31m    at emitCloseNT (node:net:2416:8)[39m
[31m    at process.processTicksAndRejections (node:internal/process/task_queues:89:21)[39m
2025-12-21 08:49:08:498 [31merror[39m: [31munhandledRejection: Connection.prototype.close() no longer accepts a callback[39m
[31mMongooseError: Connection.prototype.close() no longer accepts a callback[39m
[31m    at NativeConnection.close (D:\project\mobile_apps\backends\JobConnect\Backend\node_modules\mongoose\lib\connection.js:1205:11)[39m
[31m    at Server.<anonymous> (D:\project\mobile_apps\backends\JobConnect\Backend\src\server.js:409:29)[39m
[31m    at Object.onceWrapper (node:events:621:28)[39m
[31m    at Server.emit (node:events:519:35)[39m
[31m    at emitCloseNT (node:net:2416:8)[39m
[31m    at process.processTicksAndRejections (node:internal/process/task_queues:89:21)[39m
2025-12-21 09:42:08:428 [31merror[39m: [31munhandledRejection: Connection.prototype.close() no longer accepts a callback[39m
[31mMongooseError: Connection.prototype.close() no longer accepts a callback[39m
[31m    at NativeConnection.close (D:\project\mobile_apps\backends\JobConnect\Backend\node_modules\mongoose\lib\connection.js:1205:11)[39m
[31m    at Server.<anonymous> (D:\project\mobile_apps\backends\JobConnect\Backend\src\server.js:409:29)[39m
[31m    at Object.onceWrapper (node:events:621:28)[39m
[31m    at Server.emit (node:events:519:35)[39m
[31m    at emitCloseNT (node:net:2416:8)[39m
[31m    at process.processTicksAndRejections (node:internal/process/task_queues:89:21)[39m
2025-12-21 10:00:57:057 [31merror[39m: [31munhandledRejection: Connection.prototype.close() no longer accepts a callback[39m
[31mMongooseError: Connection.prototype.close() no longer accepts a callback[39m
[31m    at NativeConnection.close (D:\project\mobile_apps\backends\JobConnect\Backend\node_modules\mongoose\lib\connection.js:1205:11)[39m
[31m    at Server.<anonymous> (D:\project\mobile_apps\backends\JobConnect\Backend\src\server.js:409:29)[39m
[31m    at Object.onceWrapper (node:events:621:28)[39m
[31m    at Server.emit (node:events:519:35)[39m
[31m    at emitCloseNT (node:net:2416:8)[39m
[31m    at process.processTicksAndRejections (node:internal/process/task_queues:89:21)[39m
2025-12-21 10:01:38:138 [31merror[39m: [31munhandledRejection: An unknown file format not allowed[39m
[31m  No stack trace[39m
2025-12-21 10:05:32:532 [31merror[39m: [31munhandledRejection: Connection.prototype.close() no longer accepts a callback[39m
[31mMongooseError: Connection.prototype.close() no longer accepts a callback[39m
[31m    at NativeConnection.close (D:\project\mobile_apps\backends\JobConnect\Backend\node_modules\mongoose\lib\connection.js:1205:11)[39m
[31m    at Server.<anonymous> (D:\project\mobile_apps\backends\JobConnect\Backend\src\server.js:409:29)[39m
[31m    at Object.onceWrapper (node:events:621:28)[39m
[31m    at Server.emit (node:events:519:35)[39m
[31m    at emitCloseNT (node:net:2416:8)[39m
[31m    at process.processTicksAndRejections (node:internal/process/task_queues:89:21)[39m
2025-12-21 10:16:52:1652 [31merror[39m: [31munhandledRejection: Connection.prototype.close() no longer accepts a callback[39m
[31mMongooseError: Connection.prototype.close() no longer accepts a callback[39m
[31m    at NativeConnection.close (D:\project\mobile_apps\backends\JobConnect\Backend\node_modules\mongoose\lib\connection.js:1205:11)[39m
[31m    at Server.<anonymous> (D:\project\mobile_apps\backends\JobConnect\Backend\src\server.js:409:29)[39m
[31m    at Object.onceWrapper (node:events:621:28)[39m
[31m    at Server.emit (node:events:519:35)[39m
[31m    at emitCloseNT (node:net:2416:8)[39m
[31m    at process.processTicksAndRejections (node:internal/process/task_queues:89:21)[39m
2025-12-22 06:13:49:1349 [31merror[39m: [31munhandledRejection: Connection.prototype.close() no longer accepts a callback[39m
[31mMongooseError: Connection.prototype.close() no longer accepts a callback[39m
[31m    at NativeConnection.close (D:\project\mobile_apps\backends\JobConnect\Backend\node_modules\mongoose\lib\connection.js:1205:11)[39m
[31m    at Server.<anonymous> (D:\project\mobile_apps\backends\JobConnect\Backend\src\server.js:409:29)[39m
[31m    at Object.onceWrapper (node:events:621:28)[39m
[31m    at Server.emit (node:events:519:35)[39m
[31m    at emitCloseNT (node:net:2416:8)[39m
[31m    at process.processTicksAndRejections (node:internal/process/task_queues:89:21)[39m
2025-12-22 06:40:53:4053 [31merror[39m: [31munhandledRejection: Connection.prototype.close() no longer accepts a callback[39m
[31mMongooseError: Connection.prototype.close() no longer accepts a callback[39m
[31m    at NativeConnection.close (D:\project\mobile_apps\backends\JobConnect\Backend\node_modules\mongoose\lib\connection.js:1205:11)[39m
[31m    at Server.<anonymous> (D:\project\mobile_apps\backends\JobConnect\Backend\src\server.js:409:29)[39m
[31m    at Object.onceWrapper (node:events:621:28)[39m
[31m    at Server.emit (node:events:519:35)[39m
[31m    at emitCloseNT (node:net:2416:8)[39m
[31m    at process.processTicksAndRejections (node:internal/process/task_queues:89:21)[39m
2025-12-22 07:03:39:339 [31merror[39m: [31munhandledRejection: Connection.prototype.close() no longer accepts a callback[39m
[31mMongooseError: Connection.prototype.close() no longer accepts a callback[39m
[31m    at NativeConnection.close (D:\project\mobile_apps\backends\JobConnect\Backend\node_modules\mongoose\lib\connection.js:1205:11)[39m
[31m    at Server.<anonymous> (D:\project\mobile_apps\backends\JobConnect\Backend\src\server.js:409:29)[39m
[31m    at Object.onceWrapper (node:events:621:28)[39m
[31m    at Server.emit (node:events:519:35)[39m
[31m    at emitCloseNT (node:net:2416:8)[39m
[31m    at process.processTicksAndRejections (node:internal/process/task_queues:89:21)[39m
2025-12-22 07:11:14:1114 [31merror[39m: [31munhandledRejection: Connection.prototype.close() no longer accepts a callback[39m
[31mMongooseError: Connection.prototype.close() no longer accepts a callback[39m
[31m    at NativeConnection.close (D:\project\mobile_apps\backends\JobConnect\Backend\node_modules\mongoose\lib\connection.js:1205:11)[39m
[31m    at Server.<anonymous> (D:\project\mobile_apps\backends\JobConnect\Backend\src\server.js:409:29)[39m
[31m    at Object.onceWrapper (node:events:621:28)[39m
[31m    at Server.emit (node:events:519:35)[39m
[31m    at emitCloseNT (node:net:2416:8)[39m
[31m    at process.processTicksAndRejections (node:internal/process/task_queues:89:21)[39m
2025-12-22 08:09:47:947 [31merror[39m: [31munhandledRejection: Connection.prototype.close() no longer accepts a callback[39m
[31mMongooseError: Connection.prototype.close() no longer accepts a callback[39m
[31m    at NativeConnection.close (D:\project\mobile_apps\backends\JobConnect\Backend\node_modules\mongoose\lib\connection.js:1205:11)[39m
[31m    at Server.<anonymous> (D:\project\mobile_apps\backends\JobConnect\Backend\src\server.js:409:29)[39m
[31m    at Object.onceWrapper (node:events:621:28)[39m
[31m    at Server.emit (node:events:519:35)[39m
[31m    at emitCloseNT (node:net:2416:8)[39m
[31m    at process.processTicksAndRejections (node:internal/process/task_queues:89:21)[39m
2025-12-22 08:18:15:1815 [31merror[39m: [31munhandledRejection: Connection.prototype.close() no longer accepts a callback[39m
[31mMongooseError: Connection.prototype.close() no longer accepts a callback[39m
[31m    at NativeConnection.close (D:\project\mobile_apps\backends\JobConnect\Backend\node_modules\mongoose\lib\connection.js:1205:11)[39m
[31m    at Server.<anonymous> (D:\project\mobile_apps\backends\JobConnect\Backend\src\server.js:409:29)[39m
[31m    at Object.onceWrapper (node:events:621:28)[39m
[31m    at Server.emit (node:events:519:35)[39m
[31m    at emitCloseNT (node:net:2416:8)[39m
[31m    at process.processTicksAndRejections (node:internal/process/task_queues:89:21)[39m
2025-12-22 08:59:38:5938 [31merror[39m: [31munhandledRejection: Connection.prototype.close() no longer accepts a callback[39m
[31mMongooseError: Connection.prototype.close() no longer accepts a callback[39m
[31m    at NativeConnection.close (D:\project\mobile_apps\backends\JobConnect\Backend\node_modules\mongoose\lib\connection.js:1205:11)[39m
[31m    at Server.<anonymous> (D:\project\mobile_apps\backends\JobConnect\Backend\src\server.js:409:29)[39m
[31m    at Object.onceWrapper (node:events:621:28)[39m
[31m    at Server.emit (node:events:519:35)[39m
[31m    at emitCloseNT (node:net:2416:8)[39m
[31m    at process.processTicksAndRejections (node:internal/process/task_queues:89:21)[39m
2025-12-22 09:17:32:1732 [31merror[39m: [31munhandledRejection: Connection.prototype.close() no longer accepts a callback[39m
[31mMongooseError: Connection.prototype.close() no longer accepts a callback[39m
[31m    at NativeConnection.close (D:\project\mobile_apps\backends\JobConnect\Backend\node_modules\mongoose\lib\connection.js:1205:11)[39m
[31m    at Server.<anonymous> (D:\project\mobile_apps\backends\JobConnect\Backend\src\server.js:409:29)[39m
[31m    at Object.onceWrapper (node:events:621:28)[39m
[31m    at Server.emit (node:events:519:35)[39m
[31m    at emitCloseNT (node:net:2416:8)[39m
[31m    at process.processTicksAndRejections (node:internal/process/task_queues:89:21)[39m
2025-12-22 10:53:09:539 [31merror[39m: [31munhandledRejection: Connection.prototype.close() no longer accepts a callback[39m
[31mMongooseError: Connection.prototype.close() no longer accepts a callback[39m
[31m    at NativeConnection.close (D:\project\mobile_apps\backends\JobConnect\Backend\node_modules\mongoose\lib\connection.js:1205:11)[39m
[31m    at Server.<anonymous> (D:\project\mobile_apps\backends\JobConnect\Backend\src\server.js:409:29)[39m
[31m    at Object.onceWrapper (node:events:621:28)[39m
[31m    at Server.emit (node:events:519:35)[39m
[31m    at emitCloseNT (node:net:2416:8)[39m
[31m    at process.processTicksAndRejections (node:internal/process/task_queues:89:21)[39m
2025-12-22 11:56:55:5655 [31merror[39m: [31munhandledRejection: Connection.prototype.close() no longer accepts a callback[39m
[31mMongooseError: Connection.prototype.close() no longer accepts a callback[39m
[31m    at NativeConnection.close (D:\project\mobile_apps\backends\JobConnect\Backend\node_modules\mongoose\lib\connection.js:1205:11)[39m
[31m    at Server.<anonymous> (D:\project\mobile_apps\backends\JobConnect\Backend\src\server.js:409:29)[39m
[31m    at Object.onceWrapper (node:events:621:28)[39m
[31m    at Server.emit (node:events:519:35)[39m
[31m    at emitCloseNT (node:net:2416:8)[39m
[31m    at process.processTicksAndRejections (node:internal/process/task_queues:89:21)[39m
2025-12-22 12:00:34:034 [31merror[39m: [31munhandledRejection: Connection.prototype.close() no longer accepts a callback[39m
[31mMongooseError: Connection.prototype.close() no longer accepts a callback[39m
[31m    at NativeConnection.close (D:\project\mobile_apps\backends\JobConnect\Backend\node_modules\mongoose\lib\connection.js:1205:11)[39m
[31m    at Server.<anonymous> (D:\project\mobile_apps\backends\JobConnect\Backend\src\server.js:409:29)[39m
[31m    at Object.onceWrapper (node:events:621:28)[39m
[31m    at Server.emit (node:events:519:35)[39m
[31m    at emitCloseNT (node:net:2416:8)[39m
[31m    at process.processTicksAndRejections (node:internal/process/task_queues:89:21)[39m
2025-12-22 12:23:57:2357 [31merror[39m: [31munhandledRejection: Connection.prototype.close() no longer accepts a callback[39m
[31mMongooseError: Connection.prototype.close() no longer accepts a callback[39m
[31m    at NativeConnection.close (D:\project\mobile_apps\backends\JobConnect\Backend\node_modules\mongoose\lib\connection.js:1205:11)[39m
[31m    at Server.<anonymous> (D:\project\mobile_apps\backends\JobConnect\Backend\src\server.js:409:29)[39m
[31m    at Object.onceWrapper (node:events:621:28)[39m
[31m    at Server.emit (node:events:519:35)[39m
[31m    at emitCloseNT (node:net:2416:8)[39m
[31m    at process.processTicksAndRejections (node:internal/process/task_queues:89:21)[39m
2025-12-22 12:24:49:2449 [31merror[39m: [31munhandledRejection: Connection.prototype.close() no longer accepts a callback[39m
[31mMongooseError: Connection.prototype.close() no longer accepts a callback[39m
[31m    at NativeConnection.close (D:\project\mobile_apps\backends\JobConnect\Backend\node_modules\mongoose\lib\connection.js:1205:11)[39m
[31m    at Server.<anonymous> (D:\project\mobile_apps\backends\JobConnect\Backend\src\server.js:409:29)[39m
[31m    at Object.onceWrapper (node:events:621:28)[39m
[31m    at Server.emit (node:events:519:35)[39m
[31m    at emitCloseNT (node:net:2416:8)[39m
[31m    at process.processTicksAndRejections (node:internal/process/task_queues:89:21)[39m
2025-12-22 12:28:52:2852 [31merror[39m: [31munhandledRejection: Connection.prototype.close() no longer accepts a callback[39m
[31mMongooseError: Connection.prototype.close() no longer accepts a callback[39m
[31m    at NativeConnection.close (D:\project\mobile_apps\backends\JobConnect\Backend\node_modules\mongoose\lib\connection.js:1205:11)[39m
[31m    at Server.<anonymous> (D:\project\mobile_apps\backends\JobConnect\Backend\src\server.js:409:29)[39m
[31m    at Object.onceWrapper (node:events:621:28)[39m
[31m    at Server.emit (node:events:519:35)[39m
[31m    at emitCloseNT (node:net:2416:8)[39m
[31m    at process.processTicksAndRejections (node:internal/process/task_queues:89:21)[39m
2025-12-22 16:03:25:325 [31merror[39m: [31munhandledRejection: Connection.prototype.close() no longer accepts a callback[39m
[31mMongooseError: Connection.prototype.close() no longer accepts a callback[39m
[31m    at NativeConnection.close (D:\project\mobile_apps\backends\JobConnect\Backend\node_modules\mongoose\lib\connection.js:1205:11)[39m
[31m    at Server.<anonymous> (D:\project\mobile_apps\backends\JobConnect\Backend\src\server.js:409:29)[39m
[31m    at Object.onceWrapper (node:events:621:28)[39m
[31m    at Server.emit (node:events:519:35)[39m
[31m    at emitCloseNT (node:net:2416:8)[39m
[31m    at process.processTicksAndRejections (node:internal/process/task_queues:89:21)[39m
2025-12-22 20:04:44:444 [31merror[39m: [31munhandledRejection: Connection.prototype.close() no longer accepts a callback[39m
[31mMongooseError: Connection.prototype.close() no longer accepts a callback[39m
[31m    at NativeConnection.close (D:\project\mobile_apps\backends\JobConnect\Backend\node_modules\mongoose\lib\connection.js:1205:11)[39m
[31m    at Server.<anonymous> (D:\project\mobile_apps\backends\JobConnect\Backend\src\server.js:409:29)[39m
[31m    at Object.onceWrapper (node:events:621:28)[39m
[31m    at Server.emit (node:events:519:35)[39m
[31m    at emitCloseNT (node:net:2416:8)[39m
[31m    at process.processTicksAndRejections (node:internal/process/task_queues:89:21)[39m
2025-12-22 20:14:30:1430 [31merror[39m: [31munhandledRejection: Connection.prototype.close() no longer accepts a callback[39m
[31mMongooseError: Connection.prototype.close() no longer accepts a callback[39m
[31m    at NativeConnection.close (D:\project\mobile_apps\backends\JobConnect\Backend\node_modules\mongoose\lib\connection.js:1205:11)[39m
[31m    at Server.<anonymous> (D:\project\mobile_apps\backends\JobConnect\Backend\src\server.js:409:29)[39m
[31m    at Object.onceWrapper (node:events:621:28)[39m
[31m    at Server.emit (node:events:519:35)[39m
[31m    at emitCloseNT (node:net:2416:8)[39m
[31m    at process.processTicksAndRejections (node:internal/process/task_queues:89:21)[39m
2025-12-22 20:15:58:1558 [31merror[39m: [31munhandledRejection: Connection.prototype.close() no longer accepts a callback[39m
[31mMongooseError: Connection.prototype.close() no longer accepts a callback[39m
[31m    at NativeConnection.close (D:\project\mobile_apps\backends\JobConnect\Backend\node_modules\mongoose\lib\connection.js:1205:11)[39m
[31m    at Server.<anonymous> (D:\project\mobile_apps\backends\JobConnect\Backend\src\server.js:409:29)[39m
[31m    at Object.onceWrapper (node:events:621:28)[39m
[31m    at Server.emit (node:events:519:35)[39m
[31m    at emitCloseNT (node:net:2416:8)[39m
[31m    at process.processTicksAndRejections (node:internal/process/task_queues:89:21)[39m
2025-12-22 20:19:28:1928 [31merror[39m: [31munhandledRejection: Connection.prototype.close() no longer accepts a callback[39m
[31mMongooseError: Connection.prototype.close() no longer accepts a callback[39m
[31m    at NativeConnection.close (D:\project\mobile_apps\backends\JobConnect\Backend\node_modules\mongoose\lib\connection.js:1205:11)[39m
[31m    at Server.<anonymous> (D:\project\mobile_apps\backends\JobConnect\Backend\src\server.js:409:29)[39m
[31m    at Object.onceWrapper (node:events:621:28)[39m
[31m    at Server.emit (node:events:519:35)[39m
[31m    at emitCloseNT (node:net:2416:8)[39m
[31m    at process.processTicksAndRejections (node:internal/process/task_queues:89:21)[39m
2025-12-22 20:23:36:2336 [31merror[39m: [31munhandledRejection: Connection.prototype.close() no longer accepts a callback[39m
[31mMongooseError: Connection.prototype.close() no longer accepts a callback[39m
[31m    at NativeConnection.close (D:\project\mobile_apps\backends\JobConnect\Backend\node_modules\mongoose\lib\connection.js:1205:11)[39m
[31m    at Server.<anonymous> (D:\project\mobile_apps\backends\JobConnect\Backend\src\server.js:409:29)[39m
[31m    at Object.onceWrapper (node:events:621:28)[39m
[31m    at Server.emit (node:events:519:35)[39m
[31m    at emitCloseNT (node:net:2416:8)[39m
[31m    at process.processTicksAndRejections (node:internal/process/task_queues:89:21)[39m
2025-12-22 20:25:37:2537 [31merror[39m: [31munhandledRejection: Connection.prototype.close() no longer accepts a callback[39m
[31mMongooseError: Connection.prototype.close() no longer accepts a callback[39m
[31m    at NativeConnection.close (D:\project\mobile_apps\backends\JobConnect\Backend\node_modules\mongoose\lib\connection.js:1205:11)[39m
[31m    at Server.<anonymous> (D:\project\mobile_apps\backends\JobConnect\Backend\src\server.js:409:29)[39m
[31m    at Object.onceWrapper (node:events:621:28)[39m
[31m    at Server.emit (node:events:519:35)[39m
[31m    at emitCloseNT (node:net:2416:8)[39m
[31m    at process.processTicksAndRejections (node:internal/process/task_queues:89:21)[39m
2025-12-22 20:32:12:3212 [31merror[39m: [31munhandledRejection: Connection.prototype.close() no longer accepts a callback[39m
[31mMongooseError: Connection.prototype.close() no longer accepts a callback[39m
[31m    at NativeConnection.close (D:\project\mobile_apps\backends\JobConnect\Backend\node_modules\mongoose\lib\connection.js:1205:11)[39m
[31m    at Server.<anonymous> (D:\project\mobile_apps\backends\JobConnect\Backend\src\server.js:409:29)[39m
[31m    at Object.onceWrapper (node:events:621:28)[39m
[31m    at Server.emit (node:events:519:35)[39m
[31m    at emitCloseNT (node:net:2416:8)[39m
[31m    at process.processTicksAndRejections (node:internal/process/task_queues:89:21)[39m
2025-12-22 20:39:34:3934 [31merror[39m: [31munhandledRejection: Connection.prototype.close() no longer accepts a callback[39m
[31mMongooseError: Connection.prototype.close() no longer accepts a callback[39m
[31m    at NativeConnection.close (D:\project\mobile_apps\backends\JobConnect\Backend\node_modules\mongoose\lib\connection.js:1205:11)[39m
[31m    at Server.<anonymous> (D:\project\mobile_apps\backends\JobConnect\Backend\src\server.js:409:29)[39m
[31m    at Object.onceWrapper (node:events:621:28)[39m
[31m    at Server.emit (node:events:519:35)[39m
[31m    at emitCloseNT (node:net:2416:8)[39m
[31m    at process.processTicksAndRejections (node:internal/process/task_queues:89:21)[39m
2025-12-22 20:53:01:531 [31merror[39m: [31munhandledRejection: Connection.prototype.close() no longer accepts a callback[39m
[31mMongooseError: Connection.prototype.close() no longer accepts a callback[39m
[31m    at NativeConnection.close (D:\project\mobile_apps\backends\JobConnect\Backend\node_modules\mongoose\lib\connection.js:1205:11)[39m
[31m    at Server.<anonymous> (D:\project\mobile_apps\backends\JobConnect\Backend\src\server.js:409:29)[39m
[31m    at Object.onceWrapper (node:events:621:28)[39m
[31m    at Server.emit (node:events:519:35)[39m
[31m    at emitCloseNT (node:net:2416:8)[39m
[31m    at process.processTicksAndRejections (node:internal/process/task_queues:89:21)[39m
2025-12-22 20:53:29:5329 [31merror[39m: [31munhandledRejection: Connection.prototype.close() no longer accepts a callback[39m
[31mMongooseError: Connection.prototype.close() no longer accepts a callback[39m
[31m    at NativeConnection.close (D:\project\mobile_apps\backends\JobConnect\Backend\node_modules\mongoose\lib\connection.js:1205:11)[39m
[31m    at Server.<anonymous> (D:\project\mobile_apps\backends\JobConnect\Backend\src\server.js:409:29)[39m
[31m    at Object.onceWrapper (node:events:621:28)[39m
[31m    at Server.emit (node:events:519:35)[39m
[31m    at emitCloseNT (node:net:2416:8)[39m
[31m    at process.processTicksAndRejections (node:internal/process/task_queues:89:21)[39m
2025-12-22 20:59:00:590 [31merror[39m: [31munhandledRejection: Connection.prototype.close() no longer accepts a callback[39m
[31mMongooseError: Connection.prototype.close() no longer accepts a callback[39m
[31m    at NativeConnection.close (D:\project\mobile_apps\backends\JobConnect\Backend\node_modules\mongoose\lib\connection.js:1205:11)[39m
[31m    at Server.<anonymous> (D:\project\mobile_apps\backends\JobConnect\Backend\src\server.js:409:29)[39m
[31m    at Object.onceWrapper (node:events:621:28)[39m
[31m    at Server.emit (node:events:519:35)[39m
[31m    at emitCloseNT (node:net:2416:8)[39m
[31m    at process.processTicksAndRejections (node:internal/process/task_queues:89:21)[39m
2025-12-22 22:15:21:1521 [31merror[39m: [31munhandledRejection: Connection.prototype.close() no longer accepts a callback[39m
[31mMongooseError: Connection.prototype.close() no longer accepts a callback[39m
[31m    at NativeConnection.close (D:\project\mobile_apps\backends\JobConnect\Backend\node_modules\mongoose\lib\connection.js:1205:11)[39m
[31m    at Server.<anonymous> (D:\project\mobile_apps\backends\JobConnect\Backend\src\server.js:409:29)[39m
[31m    at Object.onceWrapper (node:events:621:28)[39m
[31m    at Server.emit (node:events:519:35)[39m
[31m    at emitCloseNT (node:net:2416:8)[39m
[31m    at process.processTicksAndRejections (node:internal/process/task_queues:89:21)[39m
2025-12-22 22:22:18:2218 [31merror[39m: [31munhandledRejection: Connection.prototype.close() no longer accepts a callback[39m
[31mMongooseError: Connection.prototype.close() no longer accepts a callback[39m
[31m    at NativeConnection.close (D:\project\mobile_apps\backends\JobConnect\Backend\node_modules\mongoose\lib\connection.js:1205:11)[39m
[31m    at Server.<anonymous> (D:\project\mobile_apps\backends\JobConnect\Backend\src\server.js:409:29)[39m
[31m    at Object.onceWrapper (node:events:621:28)[39m
[31m    at Server.emit (node:events:519:35)[39m
[31m    at emitCloseNT (node:net:2416:8)[39m
[31m    at process.processTicksAndRejections (node:internal/process/task_queues:89:21)[39m
2025-12-22 22:26:09:269 [31merror[39m: [31munhandledRejection: Connection.prototype.close() no longer accepts a callback[39m
[31mMongooseError: Connection.prototype.close() no longer accepts a callback[39m
[31m    at NativeConnection.close (D:\project\mobile_apps\backends\JobConnect\Backend\node_modules\mongoose\lib\connection.js:1205:11)[39m
[31m    at Server.<anonymous> (D:\project\mobile_apps\backends\JobConnect\Backend\src\server.js:409:29)[39m
[31m    at Object.onceWrapper (node:events:621:28)[39m
[31m    at Server.emit (node:events:519:35)[39m
[31m    at emitCloseNT (node:net:2416:8)[39m
[31m    at process.processTicksAndRejections (node:internal/process/task_queues:89:21)[39m
2025-12-22 22:29:18:2918 [31merror[39m: [31munhandledRejection: Connection.prototype.close() no longer accepts a callback[39m
[31mMongooseError: Connection.prototype.close() no longer accepts a callback[39m
[31m    at NativeConnection.close (D:\project\mobile_apps\backends\JobConnect\Backend\node_modules\mongoose\lib\connection.js:1205:11)[39m
[31m    at Server.<anonymous> (D:\project\mobile_apps\backends\JobConnect\Backend\src\server.js:409:29)[39m
[31m    at Object.onceWrapper (node:events:621:28)[39m
[31m    at Server.emit (node:events:519:35)[39m
[31m    at emitCloseNT (node:net:2416:8)[39m
[31m    at process.processTicksAndRejections (node:internal/process/task_queues:89:21)[39m
2025-12-22 22:38:57:3857 [31merror[39m: [31munhandledRejection: Connection.prototype.close() no longer accepts a callback[39m
[31mMongooseError: Connection.prototype.close() no longer accepts a callback[39m
[31m    at NativeConnection.close (D:\project\mobile_apps\backends\JobConnect\Backend\node_modules\mongoose\lib\connection.js:1205:11)[39m
[31m    at Server.<anonymous> (D:\project\mobile_apps\backends\JobConnect\Backend\src\server.js:409:29)[39m
[31m    at Object.onceWrapper (node:events:621:28)[39m
[31m    at Server.emit (node:events:519:35)[39m
[31m    at emitCloseNT (node:net:2416:8)[39m
[31m    at process.processTicksAndRejections (node:internal/process/task_queues:89:21)[39m
2025-12-22 22:44:04:444 [31merror[39m: [31munhandledRejection: Connection.prototype.close() no longer accepts a callback[39m
[31mMongooseError: Connection.prototype.close() no longer accepts a callback[39m
[31m    at NativeConnection.close (D:\project\mobile_apps\backends\JobConnect\Backend\node_modules\mongoose\lib\connection.js:1205:11)[39m
[31m    at Server.<anonymous> (D:\project\mobile_apps\backends\JobConnect\Backend\src\server.js:409:29)[39m
[31m    at Object.onceWrapper (node:events:621:28)[39m
[31m    at Server.emit (node:events:519:35)[39m
[31m    at emitCloseNT (node:net:2416:8)[39m
[31m    at process.processTicksAndRejections (node:internal/process/task_queues:89:21)[39m
2025-12-22 22:44:52:4452 [31merror[39m: [31munhandledRejection: Connection.prototype.close() no longer accepts a callback[39m
[31mMongooseError: Connection.prototype.close() no longer accepts a callback[39m
[31m    at NativeConnection.close (D:\project\mobile_apps\backends\JobConnect\Backend\node_modules\mongoose\lib\connection.js:1205:11)[39m
[31m    at Server.<anonymous> (D:\project\mobile_apps\backends\JobConnect\Backend\src\server.js:409:29)[39m
[31m    at Object.onceWrapper (node:events:621:28)[39m
[31m    at Server.emit (node:events:519:35)[39m
[31m    at emitCloseNT (node:net:2416:8)[39m
[31m    at process.processTicksAndRejections (node:internal/process/task_queues:89:21)[39m
2025-12-22 22:57:19:5719 [31merror[39m: [31munhandledRejection: Connection.prototype.close() no longer accepts a callback[39m
[31mMongooseError: Connection.prototype.close() no longer accepts a callback[39m
[31m    at NativeConnection.close (D:\project\mobile_apps\backends\JobConnect\Backend\node_modules\mongoose\lib\connection.js:1205:11)[39m
[31m    at Server.<anonymous> (D:\project\mobile_apps\backends\JobConnect\Backend\src\server.js:409:29)[39m
[31m    at Object.onceWrapper (node:events:621:28)[39m
[31m    at Server.emit (node:events:519:35)[39m
[31m    at emitCloseNT (node:net:2416:8)[39m
[31m    at process.processTicksAndRejections (node:internal/process/task_queues:89:21)[39m
2025-12-22 22:58:16:5816 [31merror[39m: [31munhandledRejection: Connection.prototype.close() no longer accepts a callback[39m
[31mMongooseError: Connection.prototype.close() no longer accepts a callback[39m
[31m    at NativeConnection.close (D:\project\mobile_apps\backends\JobConnect\Backend\node_modules\mongoose\lib\connection.js:1205:11)[39m
[31m    at Server.<anonymous> (D:\project\mobile_apps\backends\JobConnect\Backend\src\server.js:409:29)[39m
[31m    at Object.onceWrapper (node:events:621:28)[39m
[31m    at Server.emit (node:events:519:35)[39m
[31m    at emitCloseNT (node:net:2416:8)[39m
[31m    at process.processTicksAndRejections (node:internal/process/task_queues:89:21)[39m
2025-12-22 23:18:42:1842 [31merror[39m: [31munhandledRejection: Connection.prototype.close() no longer accepts a callback[39m
[31mMongooseError: Connection.prototype.close() no longer accepts a callback[39m
[31m    at NativeConnection.close (D:\project\mobile_apps\backends\JobConnect\Backend\node_modules\mongoose\lib\connection.js:1205:11)[39m
[31m    at Server.<anonymous> (D:\project\mobile_apps\backends\JobConnect\Backend\src\server.js:409:29)[39m
[31m    at Object.onceWrapper (node:events:621:28)[39m
[31m    at Server.emit (node:events:519:35)[39m
[31m    at emitCloseNT (node:net:2416:8)[39m
[31m    at process.processTicksAndRejections (node:internal/process/task_queues:89:21)[39m
2025-12-22 23:23:43:2343 [31merror[39m: [31munhandledRejection: Connection.prototype.close() no longer accepts a callback[39m
[31mMongooseError: Connection.prototype.close() no longer accepts a callback[39m
[31m    at NativeConnection.close (D:\project\mobile_apps\backends\JobConnect\Backend\node_modules\mongoose\lib\connection.js:1205:11)[39m
[31m    at Server.<anonymous> (D:\project\mobile_apps\backends\JobConnect\Backend\src\server.js:409:29)[39m
[31m    at Object.onceWrapper (node:events:621:28)[39m
[31m    at Server.emit (node:events:519:35)[39m
[31m    at emitCloseNT (node:net:2416:8)[39m
[31m    at process.processTicksAndRejections (node:internal/process/task_queues:89:21)[39m
2025-12-22 23:28:13:2813 [31merror[39m: [31munhandledRejection: Connection.prototype.close() no longer accepts a callback[39m
[31mMongooseError: Connection.prototype.close() no longer accepts a callback[39m
[31m    at NativeConnection.close (D:\project\mobile_apps\backends\JobConnect\Backend\node_modules\mongoose\lib\connection.js:1205:11)[39m
[31m    at Server.<anonymous> (D:\project\mobile_apps\backends\JobConnect\Backend\src\server.js:409:29)[39m
[31m    at Object.onceWrapper (node:events:621:28)[39m
[31m    at Server.emit (node:events:519:35)[39m
[31m    at emitCloseNT (node:net:2416:8)[39m
[31m    at process.processTicksAndRejections (node:internal/process/task_queues:89:21)[39m
2025-12-23 08:33:58:3358 [31merror[39m: [31munhandledRejection: Connection.prototype.close() no longer accepts a callback[39m
[31mMongooseError: Connection.prototype.close() no longer accepts a callback[39m
[31m    at NativeConnection.close (D:\project\mobile_apps\backends\JobConnect\Backend\node_modules\mongoose\lib\connection.js:1205:11)[39m
[31m    at Server.<anonymous> (D:\project\mobile_apps\backends\JobConnect\Backend\src\server.js:409:29)[39m
[31m    at Object.onceWrapper (node:events:621:28)[39m
[31m    at Server.emit (node:events:519:35)[39m
[31m    at emitCloseNT (node:net:2416:8)[39m
[31m    at process.processTicksAndRejections (node:internal/process/task_queues:89:21)[39m
2025-12-23 09:27:22:2722 [31merror[39m: [31munhandledRejection: Connection.prototype.close() no longer accepts a callback[39m
[31mMongooseError: Connection.prototype.close() no longer accepts a callback[39m
[31m    at NativeConnection.close (D:\project\mobile_apps\backends\JobConnect\Backend\node_modules\mongoose\lib\connection.js:1205:11)[39m
[31m    at Server.<anonymous> (D:\project\mobile_apps\backends\JobConnect\Backend\src\server.js:409:29)[39m
[31m    at Object.onceWrapper (node:events:621:28)[39m
[31m    at Server.emit (node:events:519:35)[39m
[31m    at emitCloseNT (node:net:2416:8)[39m
[31m    at process.processTicksAndRejections (node:internal/process/task_queues:89:21)[39m
2025-12-23 09:37:26:3726 [31merror[39m: [31munhandledRejection: Connection.prototype.close() no longer accepts a callback[39m
[31mMongooseError: Connection.prototype.close() no longer accepts a callback[39m
[31m    at NativeConnection.close (D:\project\mobile_apps\backends\JobConnect\Backend\node_modules\mongoose\lib\connection.js:1205:11)[39m
[31m    at Server.<anonymous> (D:\project\mobile_apps\backends\JobConnect\Backend\src\server.js:409:29)[39m
[31m    at Object.onceWrapper (node:events:621:28)[39m
[31m    at Server.emit (node:events:519:35)[39m
[31m    at emitCloseNT (node:net:2416:8)[39m
[31m    at process.processTicksAndRejections (node:internal/process/task_queues:89:21)[39m
2025-12-23 09:42:52:4252 [31merror[39m: [31munhandledRejection: Connection.prototype.close() no longer accepts a callback[39m
[31mMongooseError: Connection.prototype.close() no longer accepts a callback[39m
[31m    at NativeConnection.close (D:\project\mobile_apps\backends\JobConnect\Backend\node_modules\mongoose\lib\connection.js:1205:11)[39m
[31m    at Server.<anonymous> (D:\project\mobile_apps\backends\JobConnect\Backend\src\server.js:409:29)[39m
[31m    at Object.onceWrapper (node:events:621:28)[39m
[31m    at Server.emit (node:events:519:35)[39m
[31m    at emitCloseNT (node:net:2416:8)[39m
[31m    at process.processTicksAndRejections (node:internal/process/task_queues:89:21)[39m
2025-12-23 11:33:50:3350 [31merror[39m: [31munhandledRejection: Connection.prototype.close() no longer accepts a callback[39m
[31mMongooseError: Connection.prototype.close() no longer accepts a callback[39m
[31m    at NativeConnection.close (D:\project\mobile_apps\backends\JobConnect\Backend\node_modules\mongoose\lib\connection.js:1205:11)[39m
[31m    at Server.<anonymous> (D:\project\mobile_apps\backends\JobConnect\Backend\src\server.js:409:29)[39m
[31m    at Object.onceWrapper (node:events:621:28)[39m
[31m    at Server.emit (node:events:519:35)[39m
[31m    at emitCloseNT (node:net:2416:8)[39m
[31m    at process.processTicksAndRejections (node:internal/process/task_queues:89:21)[39m
2025-12-23 14:34:05:345 [31merror[39m: [31munhandledRejection: Connection.prototype.close() no longer accepts a callback[39m
[31mMongooseError: Connection.prototype.close() no longer accepts a callback[39m
[31m    at NativeConnection.close (D:\project\mobile_apps\backends\JobConnect\Backend\node_modules\mongoose\lib\connection.js:1205:11)[39m
[31m    at Server.<anonymous> (D:\project\mobile_apps\backends\JobConnect\Backend\src\server.js:409:29)[39m
[31m    at Object.onceWrapper (node:events:621:28)[39m
[31m    at Server.emit (node:events:519:35)[39m
[31m    at emitCloseNT (node:net:2416:8)[39m
[31m    at process.processTicksAndRejections (node:internal/process/task_queues:89:21)[39m
2025-12-23 14:39:27:3927 [31merror[39m: [31munhandledRejection: Connection.prototype.close() no longer accepts a callback[39m
[31mMongooseError: Connection.prototype.close() no longer accepts a callback[39m
[31m    at NativeConnection.close (D:\project\mobile_apps\backends\JobConnect\Backend\node_modules\mongoose\lib\connection.js:1205:11)[39m
[31m    at Server.<anonymous> (D:\project\mobile_apps\backends\JobConnect\Backend\src\server.js:409:29)[39m
[31m    at Object.onceWrapper (node:events:621:28)[39m
[31m    at Server.emit (node:events:519:35)[39m
[31m    at emitCloseNT (node:net:2416:8)[39m
[31m    at process.processTicksAndRejections (node:internal/process/task_queues:89:21)[39m
2025-12-23 18:30:11:3011 [31merror[39m: [31munhandledRejection: Connection.prototype.close() no longer accepts a callback[39m
[31mMongooseError: Connection.prototype.close() no longer accepts a callback[39m
[31m    at NativeConnection.close (D:\project\mobile_apps\backends\JobConnect\Backend\node_modules\mongoose\lib\connection.js:1205:11)[39m
[31m    at Server.<anonymous> (D:\project\mobile_apps\backends\JobConnect\Backend\src\server.js:409:29)[39m
[31m    at Object.onceWrapper (node:events:621:28)[39m
[31m    at Server.emit (node:events:519:35)[39m
[31m    at emitCloseNT (node:net:2416:8)[39m
[31m    at process.processTicksAndRejections (node:internal/process/task_queues:89:21)[39m
2025-12-23 18:43:56:4356 [31merror[39m: [31munhandledRejection: Connection.prototype.close() no longer accepts a callback[39m
[31mMongooseError: Connection.prototype.close() no longer accepts a callback[39m
[31m    at NativeConnection.close (D:\project\mobile_apps\backends\JobConnect\Backend\node_modules\mongoose\lib\connection.js:1205:11)[39m
[31m    at Server.<anonymous> (D:\project\mobile_apps\backends\JobConnect\Backend\src\server.js:409:29)[39m
[31m    at Object.onceWrapper (node:events:621:28)[39m
[31m    at Server.emit (node:events:519:35)[39m
[31m    at emitCloseNT (node:net:2416:8)[39m
[31m    at process.processTicksAndRejections (node:internal/process/task_queues:89:21)[39m
2025-12-23 18:48:06:486 [31merror[39m: [31munhandledRejection: Connection.prototype.close() no longer accepts a callback[39m
[31mMongooseError: Connection.prototype.close() no longer accepts a callback[39m
[31m    at NativeConnection.close (D:\project\mobile_apps\backends\JobConnect\Backend\node_modules\mongoose\lib\connection.js:1205:11)[39m
[31m    at Server.<anonymous> (D:\project\mobile_apps\backends\JobConnect\Backend\src\server.js:409:29)[39m
[31m    at Object.onceWrapper (node:events:621:28)[39m
[31m    at Server.emit (node:events:519:35)[39m
[31m    at emitCloseNT (node:net:2416:8)[39m
[31m    at process.processTicksAndRejections (node:internal/process/task_queues:89:21)[39m
2025-12-23 20:18:43:1843 [31merror[39m: [31munhandledRejection: Connection.prototype.close() no longer accepts a callback[39m
[31mMongooseError: Connection.prototype.close() no longer accepts a callback[39m
[31m    at NativeConnection.close (D:\project\mobile_apps\backends\JobConnect\Backend\node_modules\mongoose\lib\connection.js:1205:11)[39m
[31m    at Server.<anonymous> (D:\project\mobile_apps\backends\JobConnect\Backend\src\server.js:409:29)[39m
[31m    at Object.onceWrapper (node:events:621:28)[39m
[31m    at Server.emit (node:events:519:35)[39m
[31m    at emitCloseNT (node:net:2416:8)[39m
[31m    at process.processTicksAndRejections (node:internal/process/task_queues:89:21)[39m
2025-12-23 20:30:06:306 [31merror[39m: [31munhandledRejection: Connection.prototype.close() no longer accepts a callback[39m
[31mMongooseError: Connection.prototype.close() no longer accepts a callback[39m
[31m    at NativeConnection.close (D:\project\mobile_apps\backends\JobConnect\Backend\node_modules\mongoose\lib\connection.js:1205:11)[39m
[31m    at Server.<anonymous> (D:\project\mobile_apps\backends\JobConnect\Backend\src\server.js:409:29)[39m
[31m    at Object.onceWrapper (node:events:621:28)[39m
[31m    at Server.emit (node:events:519:35)[39m
[31m    at emitCloseNT (node:net:2416:8)[39m
[31m    at process.processTicksAndRejections (node:internal/process/task_queues:89:21)[39m
2025-12-23 20:33:49:3349 [31merror[39m: [31munhandledRejection: Connection.prototype.close() no longer accepts a callback[39m
[31mMongooseError: Connection.prototype.close() no longer accepts a callback[39m
[31m    at NativeConnection.close (D:\project\mobile_apps\backends\JobConnect\Backend\node_modules\mongoose\lib\connection.js:1205:11)[39m
[31m    at Server.<anonymous> (D:\project\mobile_apps\backends\JobConnect\Backend\src\server.js:409:29)[39m
[31m    at Object.onceWrapper (node:events:621:28)[39m
[31m    at Server.emit (node:events:519:35)[39m
[31m    at emitCloseNT (node:net:2416:8)[39m
[31m    at process.processTicksAndRejections (node:internal/process/task_queues:89:21)[39m
2025-12-23 20:35:12:3512 [31merror[39m: [31munhandledRejection: Connection.prototype.close() no longer accepts a callback[39m
[31mMongooseError: Connection.prototype.close() no longer accepts a callback[39m
[31m    at NativeConnection.close (D:\project\mobile_apps\backends\JobConnect\Backend\node_modules\mongoose\lib\connection.js:1205:11)[39m
[31m    at Server.<anonymous> (D:\project\mobile_apps\backends\JobConnect\Backend\src\server.js:409:29)[39m
[31m    at Object.onceWrapper (node:events:621:28)[39m
[31m    at Server.emit (node:events:519:35)[39m
[31m    at emitCloseNT (node:net:2416:8)[39m
[31m    at process.processTicksAndRejections (node:internal/process/task_queues:89:21)[39m
2025-12-23 20:44:04:444 [31merror[39m: [31munhandledRejection: Connection.prototype.close() no longer accepts a callback[39m
[31mMongooseError: Connection.prototype.close() no longer accepts a callback[39m
[31m    at NativeConnection.close (D:\project\mobile_apps\backends\JobConnect\Backend\node_modules\mongoose\lib\connection.js:1205:11)[39m
[31m    at Server.<anonymous> (D:\project\mobile_apps\backends\JobConnect\Backend\src\server.js:409:29)[39m
[31m    at Object.onceWrapper (node:events:621:28)[39m
[31m    at Server.emit (node:events:519:35)[39m
[31m    at emitCloseNT (node:net:2416:8)[39m
[31m    at process.processTicksAndRejections (node:internal/process/task_queues:89:21)[39m
2025-12-23 20:48:27:4827 [31merror[39m: [31munhandledRejection: Connection.prototype.close() no longer accepts a callback[39m
[31mMongooseError: Connection.prototype.close() no longer accepts a callback[39m
[31m    at NativeConnection.close (D:\project\mobile_apps\backends\JobConnect\Backend\node_modules\mongoose\lib\connection.js:1205:11)[39m
[31m    at Server.<anonymous> (D:\project\mobile_apps\backends\JobConnect\Backend\src\server.js:409:29)[39m
[31m    at Object.onceWrapper (node:events:621:28)[39m
[31m    at Server.emit (node:events:519:35)[39m
[31m    at emitCloseNT (node:net:2416:8)[39m
[31m    at process.processTicksAndRejections (node:internal/process/task_queues:89:21)[39m
2025-12-23 20:57:31:5731 [31merror[39m: [31munhandledRejection: Connection.prototype.close() no longer accepts a callback[39m
[31mMongooseError: Connection.prototype.close() no longer accepts a callback[39m
[31m    at NativeConnection.close (D:\project\mobile_apps\backends\JobConnect\Backend\node_modules\mongoose\lib\connection.js:1205:11)[39m
[31m    at Server.<anonymous> (D:\project\mobile_apps\backends\JobConnect\Backend\src\server.js:409:29)[39m
[31m    at Object.onceWrapper (node:events:621:28)[39m
[31m    at Server.emit (node:events:519:35)[39m
[31m    at emitCloseNT (node:net:2416:8)[39m
[31m    at process.processTicksAndRejections (node:internal/process/task_queues:89:21)[39m
2025-12-24 11:13:16:1316 [31merror[39m: [31munhandledRejection: Connection.prototype.close() no longer accepts a callback[39m
[31mMongooseError: Connection.prototype.close() no longer accepts a callback[39m
[31m    at NativeConnection.close (D:\project\mobile_apps\backends\JobConnect\Backend\node_modules\mongoose\lib\connection.js:1205:11)[39m
[31m    at Server.<anonymous> (D:\project\mobile_apps\backends\JobConnect\Backend\src\server.js:409:29)[39m
[31m    at Object.onceWrapper (node:events:621:28)[39m
[31m    at Server.emit (node:events:519:35)[39m
[31m    at emitCloseNT (node:net:2416:8)[39m
[31m    at process.processTicksAndRejections (node:internal/process/task_queues:89:21)[39m
2025-12-24 11:24:22:2422 [31merror[39m: [31munhandledRejection: callback is not a function[39m
[31mTypeError: callback is not a function[39m
[31m    at Socket.<anonymous> (D:\project\mobile_apps\backends\JobConnect\Backend\src\socket\socket.handlers.js:117:9)[39m
[31m    at Socket.emit (node:events:507:28)[39m
[31m    at Socket.emitUntyped (D:\project\mobile_apps\backends\JobConnect\Backend\node_modules\socket.io\dist\typed-events.js:69:22)[39m
[31m    at D:\project\mobile_apps\backends\JobConnect\Backend\node_modules\socket.io\dist\socket.js:697:39[39m
[31m    at process.processTicksAndRejections (node:internal/process/task_queues:85:11)[39m
2025-12-24 11:24:41:2441 [31merror[39m: [31munhandledRejection: callback is not a function[39m
[31mTypeError: callback is not a function[39m
[31m    at Socket.<anonymous> (D:\project\mobile_apps\backends\JobConnect\Backend\src\socket\socket.handlers.js:117:9)[39m
[31m    at Socket.emit (node:events:507:28)[39m
[31m    at Socket.emitUntyped (D:\project\mobile_apps\backends\JobConnect\Backend\node_modules\socket.io\dist\typed-events.js:69:22)[39m
[31m    at D:\project\mobile_apps\backends\JobConnect\Backend\node_modules\socket.io\dist\socket.js:697:39[39m
[31m    at process.processTicksAndRejections (node:internal/process/task_queues:85:11)[39m
2025-12-24 11:27:13:2713 [31merror[39m: [31munhandledRejection: callback is not a function[39m
[31mTypeError: callback is not a function[39m
[31m    at Socket.<anonymous> (D:\project\mobile_apps\backends\JobConnect\Backend\src\socket\socket.handlers.js:117:9)[39m
[31m    at Socket.emit (node:events:507:28)[39m
[31m    at Socket.emitUntyped (D:\project\mobile_apps\backends\JobConnect\Backend\node_modules\socket.io\dist\typed-events.js:69:22)[39m
[31m    at D:\project\mobile_apps\backends\JobConnect\Backend\node_modules\socket.io\dist\socket.js:697:39[39m
[31m    at process.processTicksAndRejections (node:internal/process/task_queues:85:11)[39m
2025-12-24 11:28:09:289 [31merror[39m: [31munhandledRejection: callback is not a function[39m
[31mTypeError: callback is not a function[39m
[31m    at Socket.<anonymous> (D:\project\mobile_apps\backends\JobConnect\Backend\src\socket\socket.handlers.js:118:9)[39m
[31m    at Socket.emit (node:events:507:28)[39m
[31m    at Socket.emitUntyped (D:\project\mobile_apps\backends\JobConnect\Backend\node_modules\socket.io\dist\typed-events.js:69:22)[39m
[31m    at D:\project\mobile_apps\backends\JobConnect\Backend\node_modules\socket.io\dist\socket.js:697:39[39m
[31m    at process.processTicksAndRejections (node:internal/process/task_queues:85:11)[39m
2025-12-24 11:29:22:2922 [31merror[39m: [31munhandledRejection: callback is not a function[39m
[31mTypeError: callback is not a function[39m
[31m    at Socket.<anonymous> (D:\project\mobile_apps\backends\JobConnect\Backend\src\socket\socket.handlers.js:120:9)[39m
[31m    at process.processTicksAndRejections (node:internal/process/task_queues:105:5)[39m
2025-12-24 11:32:45:3245 [31merror[39m: [31munhandledRejection: callback is not a function[39m
[31mTypeError: callback is not a function[39m
[31m    at Socket.<anonymous> (D:\project\mobile_apps\backends\JobConnect\Backend\src\socket\socket.handlers.js:120:9)[39m
[31m    at process.processTicksAndRejections (node:internal/process/task_queues:105:5)[39m
2025-12-24 11:58:59:5859 [31merror[39m: [31munhandledRejection: Connection.prototype.close() no longer accepts a callback[39m
[31mMongooseError: Connection.prototype.close() no longer accepts a callback[39m
[31m    at NativeConnection.close (D:\project\mobile_apps\backends\JobConnect\Backend\node_modules\mongoose\lib\connection.js:1205:11)[39m
[31m    at Server.<anonymous> (D:\project\mobile_apps\backends\JobConnect\Backend\src\server.js:409:29)[39m
[31m    at Object.onceWrapper (node:events:621:28)[39m
[31m    at Server.emit (node:events:519:35)[39m
[31m    at emitCloseNT (node:net:2416:8)[39m
[31m    at process.processTicksAndRejections (node:internal/process/task_queues:89:21)[39m
2025-12-24 15:32:05:325 [31merror[39m: [31munhandledRejection: Connection.prototype.close() no longer accepts a callback[39m
[31mMongooseError: Connection.prototype.close() no longer accepts a callback[39m
[31m    at NativeConnection.close (D:\project\mobile_apps\backends\JobConnect\Backend\node_modules\mongoose\lib\connection.js:1205:11)[39m
[31m    at Server.<anonymous> (D:\project\mobile_apps\backends\JobConnect\Backend\src\server.js:409:29)[39m
[31m    at Object.onceWrapper (node:events:621:28)[39m
[31m    at Server.emit (node:events:519:35)[39m
[31m    at emitCloseNT (node:net:2416:8)[39m
[31m    at process.processTicksAndRejections (node:internal/process/task_queues:89:21)[39m
2025-12-24 15:52:59:5259 [31merror[39m: [31munhandledRejection: Connection.prototype.close() no longer accepts a callback[39m
[31mMongooseError: Connection.prototype.close() no longer accepts a callback[39m
[31m    at NativeConnection.close (D:\project\mobile_apps\backends\JobConnect\Backend\node_modules\mongoose\lib\connection.js:1205:11)[39m
[31m    at Server.<anonymous> (D:\project\mobile_apps\backends\JobConnect\Backend\src\server.js:409:29)[39m
[31m    at Object.onceWrapper (node:events:621:28)[39m
[31m    at Server.emit (node:events:519:35)[39m
[31m    at emitCloseNT (node:net:2416:8)[39m
[31m    at process.processTicksAndRejections (node:internal/process/task_queues:89:21)[39m
2025-12-24 15:53:17:5317 [31merror[39m: [31munhandledRejection: Connection.prototype.close() no longer accepts a callback[39m
[31mMongooseError: Connection.prototype.close() no longer accepts a callback[39m
[31m    at NativeConnection.close (D:\project\mobile_apps\backends\JobConnect\Backend\node_modules\mongoose\lib\connection.js:1205:11)[39m
[31m    at Server.<anonymous> (D:\project\mobile_apps\backends\JobConnect\Backend\src\server.js:409:29)[39m
[31m    at Object.onceWrapper (node:events:621:28)[39m
[31m    at Server.emit (node:events:519:35)[39m
[31m    at emitCloseNT (node:net:2416:8)[39m
[31m    at process.processTicksAndRejections (node:internal/process/task_queues:89:21)[39m
2025-12-24 18:41:42:4142 [31merror[39m: [31munhandledRejection: Connection.prototype.close() no longer accepts a callback[39m
[31mMongooseError: Connection.prototype.close() no longer accepts a callback[39m
[31m    at NativeConnection.close (D:\project\mobile_apps\backends\JobConnect\Backend\node_modules\mongoose\lib\connection.js:1205:11)[39m
[31m    at Server.<anonymous> (D:\project\mobile_apps\backends\JobConnect\Backend\src\server.js:409:29)[39m
[31m    at Object.onceWrapper (node:events:621:28)[39m
[31m    at Server.emit (node:events:519:35)[39m
[31m    at emitCloseNT (node:net:2416:8)[39m
[31m    at process.processTicksAndRejections (node:internal/process/task_queues:89:21)[39m
2025-12-24 18:57:16:5716 [31merror[39m: [31munhandledRejection: Connection.prototype.close() no longer accepts a callback[39m
[31mMongooseError: Connection.prototype.close() no longer accepts a callback[39m
[31m    at NativeConnection.close (D:\project\mobile_apps\backends\JobConnect\Backend\node_modules\mongoose\lib\connection.js:1205:11)[39m
[31m    at Server.<anonymous> (D:\project\mobile_apps\backends\JobConnect\Backend\src\server.js:409:29)[39m
[31m    at Object.onceWrapper (node:events:621:28)[39m
[31m    at Server.emit (node:events:519:35)[39m
[31m    at emitCloseNT (node:net:2416:8)[39m
[31m    at process.processTicksAndRejections (node:internal/process/task_queues:89:21)[39m
2025-12-24 19:03:48:348 [31merror[39m: [31munhandledRejection: Connection.prototype.close() no longer accepts a callback[39m
[31mMongooseError: Connection.prototype.close() no longer accepts a callback[39m
[31m    at NativeConnection.close (D:\project\mobile_apps\backends\JobConnect\Backend\node_modules\mongoose\lib\connection.js:1205:11)[39m
[31m    at Server.<anonymous> (D:\project\mobile_apps\backends\JobConnect\Backend\src\server.js:409:29)[39m
[31m    at Object.onceWrapper (node:events:621:28)[39m
[31m    at Server.emit (node:events:519:35)[39m
[31m    at emitCloseNT (node:net:2416:8)[39m
[31m    at process.processTicksAndRejections (node:internal/process/task_queues:89:21)[39m
2025-12-24 19:18:18:1818 [31merror[39m: [31munhandledRejection: Connection.prototype.close() no longer accepts a callback[39m
[31mMongooseError: Connection.prototype.close() no longer accepts a callback[39m
[31m    at NativeConnection.close (D:\project\mobile_apps\backends\JobConnect\Backend\node_modules\mongoose\lib\connection.js:1205:11)[39m
[31m    at Server.<anonymous> (D:\project\mobile_apps\backends\JobConnect\Backend\src\server.js:409:29)[39m
[31m    at Object.onceWrapper (node:events:621:28)[39m
[31m    at Server.emit (node:events:519:35)[39m
[31m    at emitCloseNT (node:net:2416:8)[39m
[31m    at process.processTicksAndRejections (node:internal/process/task_queues:89:21)[39m
2025-12-24 19:39:46:3946 [31merror[39m: [31munhandledRejection: Connection.prototype.close() no longer accepts a callback[39m
[31mMongooseError: Connection.prototype.close() no longer accepts a callback[39m
[31m    at NativeConnection.close (D:\project\mobile_apps\backends\JobConnect\Backend\node_modules\mongoose\lib\connection.js:1205:11)[39m
[31m    at Server.<anonymous> (D:\project\mobile_apps\backends\JobConnect\Backend\src\server.js:409:29)[39m
[31m    at Object.onceWrapper (node:events:621:28)[39m
[31m    at Server.emit (node:events:519:35)[39m
[31m    at emitCloseNT (node:net:2416:8)[39m
[31m    at process.processTicksAndRejections (node:internal/process/task_queues:89:21)[39m
2025-12-24 19:53:35:5335 [31merror[39m: [31munhandledRejection: Connection.prototype.close() no longer accepts a callback[39m
[31mMongooseError: Connection.prototype.close() no longer accepts a callback[39m
[31m    at NativeConnection.close (D:\project\mobile_apps\backends\JobConnect\Backend\node_modules\mongoose\lib\connection.js:1205:11)[39m
[31m    at Server.<anonymous> (D:\project\mobile_apps\backends\JobConnect\Backend\src\server.js:409:29)[39m
[31m    at Object.onceWrapper (node:events:621:28)[39m
[31m    at Server.emit (node:events:519:35)[39m
[31m    at emitCloseNT (node:net:2416:8)[39m
[31m    at process.processTicksAndRejections (node:internal/process/task_queues:89:21)[39m
2025-12-24 20:50:46:5046 [31merror[39m: [31munhandledRejection: Connection.prototype.close() no longer accepts a callback[39m
[31mMongooseError: Connection.prototype.close() no longer accepts a callback[39m
[31m    at NativeConnection.close (D:\project\mobile_apps\backends\JobConnect\Backend\node_modules\mongoose\lib\connection.js:1205:11)[39m
[31m    at Server.<anonymous> (D:\project\mobile_apps\backends\JobConnect\Backend\src\server.js:409:29)[39m
[31m    at Object.onceWrapper (node:events:621:28)[39m
[31m    at Server.emit (node:events:519:35)[39m
[31m    at emitCloseNT (node:net:2416:8)[39m
[31m    at process.processTicksAndRejections (node:internal/process/task_queues:89:21)[39m
2025-12-24 20:55:39:5539 [31merror[39m: [31munhandledRejection: Connection.prototype.close() no longer accepts a callback[39m
[31mMongooseError: Connection.prototype.close() no longer accepts a callback[39m
[31m    at NativeConnection.close (D:\project\mobile_apps\backends\JobConnect\Backend\node_modules\mongoose\lib\connection.js:1205:11)[39m
[31m    at Server.<anonymous> (D:\project\mobile_apps\backends\JobConnect\Backend\src\server.js:409:29)[39m
[31m    at Object.onceWrapper (node:events:621:28)[39m
[31m    at Server.emit (node:events:519:35)[39m
[31m    at emitCloseNT (node:net:2416:8)[39m
[31m    at process.processTicksAndRejections (node:internal/process/task_queues:89:21)[39m
2025-12-24 21:02:34:234 [31merror[39m: [31munhandledRejection: Connection.prototype.close() no longer accepts a callback[39m
[31mMongooseError: Connection.prototype.close() no longer accepts a callback[39m
[31m    at NativeConnection.close (D:\project\mobile_apps\backends\JobConnect\Backend\node_modules\mongoose\lib\connection.js:1205:11)[39m
[31m    at Server.<anonymous> (D:\project\mobile_apps\backends\JobConnect\Backend\src\server.js:409:29)[39m
[31m    at Object.onceWrapper (node:events:621:28)[39m
[31m    at Server.emit (node:events:519:35)[39m
[31m    at emitCloseNT (node:net:2416:8)[39m
[31m    at process.processTicksAndRejections (node:internal/process/task_queues:89:21)[39m
2025-12-24 21:19:08:198 [31merror[39m: [31munhandledRejection: Connection.prototype.close() no longer accepts a callback[39m
[31mMongooseError: Connection.prototype.close() no longer accepts a callback[39m
[31m    at NativeConnection.close (D:\project\mobile_apps\backends\JobConnect\Backend\node_modules\mongoose\lib\connection.js:1205:11)[39m
[31m    at Server.<anonymous> (D:\project\mobile_apps\backends\JobConnect\Backend\src\server.js:409:29)[39m
[31m    at Object.onceWrapper (node:events:621:28)[39m
[31m    at Server.emit (node:events:519:35)[39m
[31m    at emitCloseNT (node:net:2416:8)[39m
[31m    at process.processTicksAndRejections (node:internal/process/task_queues:89:21)[39m
2025-12-24 23:14:16:1416 [31merror[39m: [31munhandledRejection: Connection.prototype.close() no longer accepts a callback[39m
[31mMongooseError: Connection.prototype.close() no longer accepts a callback[39m
[31m    at NativeConnection.close (D:\project\mobile_apps\backends\JobConnect\Backend\node_modules\mongoose\lib\connection.js:1205:11)[39m
[31m    at Server.<anonymous> (D:\project\mobile_apps\backends\JobConnect\Backend\src\server.js:409:29)[39m
[31m    at Object.onceWrapper (node:events:621:28)[39m
[31m    at Server.emit (node:events:519:35)[39m
[31m    at emitCloseNT (node:net:2416:8)[39m
[31m    at process.processTicksAndRejections (node:internal/process/task_queues:89:21)[39m
2025-12-24 23:43:36:4336 [31merror[39m: [31munhandledRejection: Connection.prototype.close() no longer accepts a callback[39m
[31mMongooseError: Connection.prototype.close() no longer accepts a callback[39m
[31m    at NativeConnection.close (D:\project\mobile_apps\backends\JobConnect\Backend\node_modules\mongoose\lib\connection.js:1205:11)[39m
[31m    at Server.<anonymous> (D:\project\mobile_apps\backends\JobConnect\Backend\src\server.js:409:29)[39m
[31m    at Object.onceWrapper (node:events:621:28)[39m
[31m    at Server.emit (node:events:519:35)[39m
[31m    at emitCloseNT (node:net:2416:8)[39m
[31m    at process.processTicksAndRejections (node:internal/process/task_queues:89:21)[39m
2025-12-24 23:46:11:4611 [31merror[39m: [31munhandledRejection: Connection.prototype.close() no longer accepts a callback[39m
[31mMongooseError: Connection.prototype.close() no longer accepts a callback[39m
[31m    at NativeConnection.close (D:\project\mobile_apps\backends\JobConnect\Backend\node_modules\mongoose\lib\connection.js:1205:11)[39m
[31m    at Server.<anonymous> (D:\project\mobile_apps\backends\JobConnect\Backend\src\server.js:409:29)[39m
[31m    at Object.onceWrapper (node:events:621:28)[39m
[31m    at Server.emit (node:events:519:35)[39m
[31m    at emitCloseNT (node:net:2416:8)[39m
[31m    at process.processTicksAndRejections (node:internal/process/task_queues:89:21)[39m
2025-12-25 00:16:14:1614 [31merror[39m: [31munhandledRejection: Connection.prototype.close() no longer accepts a callback[39m
[31mMongooseError: Connection.prototype.close() no longer accepts a callback[39m
[31m    at NativeConnection.close (D:\project\mobile_apps\backends\JobConnect\Backend\node_modules\mongoose\lib\connection.js:1205:11)[39m
[31m    at Server.<anonymous> (D:\project\mobile_apps\backends\JobConnect\Backend\src\server.js:409:29)[39m
[31m    at Object.onceWrapper (node:events:621:28)[39m
[31m    at Server.emit (node:events:519:35)[39m
[31m    at emitCloseNT (node:net:2416:8)[39m
[31m    at process.processTicksAndRejections (node:internal/process/task_queues:89:21)[39m
2025-12-25 00:25:15:2515 [31merror[39m: [31munhandledRejection: Connection.prototype.close() no longer accepts a callback[39m
[31mMongooseError: Connection.prototype.close() no longer accepts a callback[39m
[31m    at NativeConnection.close (D:\project\mobile_apps\backends\JobConnect\Backend\node_modules\mongoose\lib\connection.js:1205:11)[39m
[31m    at Server.<anonymous> (D:\project\mobile_apps\backends\JobConnect\Backend\src\server.js:409:29)[39m
[31m    at Object.onceWrapper (node:events:621:28)[39m
[31m    at Server.emit (node:events:519:35)[39m
[31m    at emitCloseNT (node:net:2416:8)[39m
[31m    at process.processTicksAndRejections (node:internal/process/task_queues:89:21)[39m
2025-12-25 00:31:30:3130 [31merror[39m: [31munhandledRejection: Connection.prototype.close() no longer accepts a callback[39m
[31mMongooseError: Connection.prototype.close() no longer accepts a callback[39m
[31m    at NativeConnection.close (D:\project\mobile_apps\backends\JobConnect\Backend\node_modules\mongoose\lib\connection.js:1205:11)[39m
[31m    at Server.<anonymous> (D:\project\mobile_apps\backends\JobConnect\Backend\src\server.js:409:29)[39m
[31m    at Object.onceWrapper (node:events:621:28)[39m
[31m    at Server.emit (node:events:519:35)[39m
[31m    at emitCloseNT (node:net:2416:8)[39m
[31m    at process.processTicksAndRejections (node:internal/process/task_queues:89:21)[39m
2025-12-25 00:31:44:3144 [31merror[39m: [31munhandledRejection: Connection.prototype.close() no longer accepts a callback[39m
[31mMongooseError: Connection.prototype.close() no longer accepts a callback[39m
[31m    at NativeConnection.close (D:\project\mobile_apps\backends\JobConnect\Backend\node_modules\mongoose\lib\connection.js:1205:11)[39m
[31m    at Server.<anonymous> (D:\project\mobile_apps\backends\JobConnect\Backend\src\server.js:409:29)[39m
[31m    at Object.onceWrapper (node:events:621:28)[39m
[31m    at Server.emit (node:events:519:35)[39m
[31m    at emitCloseNT (node:net:2416:8)[39m
[31m    at process.processTicksAndRejections (node:internal/process/task_queues:89:21)[39m
2025-12-25 09:25:57:2557 [31merror[39m: [31munhandledRejection: Connection.prototype.close() no longer accepts a callback[39m
[31mMongooseError: Connection.prototype.close() no longer accepts a callback[39m
[31m    at NativeConnection.close (D:\project\mobile_apps\backends\JobConnect\Backend\node_modules\mongoose\lib\connection.js:1205:11)[39m
[31m    at Server.<anonymous> (D:\project\mobile_apps\backends\JobConnect\Backend\src\server.js:409:29)[39m
[31m    at Object.onceWrapper (node:events:621:28)[39m
[31m    at Server.emit (node:events:519:35)[39m
[31m    at emitCloseNT (node:net:2416:8)[39m
[31m    at process.processTicksAndRejections (node:internal/process/task_queues:89:21)[39m
2025-12-25 10:24:06:246 [31merror[39m: [31munhandledRejection: Connection.prototype.close() no longer accepts a callback[39m
[31mMongooseError: Connection.prototype.close() no longer accepts a callback[39m
[31m    at NativeConnection.close (D:\project\mobile_apps\backends\JobConnect\Backend\node_modules\mongoose\lib\connection.js:1205:11)[39m
[31m    at Server.<anonymous> (D:\project\mobile_apps\backends\JobConnect\Backend\src\server.js:409:29)[39m
[31m    at Object.onceWrapper (node:events:621:28)[39m
[31m    at Server.emit (node:events:519:35)[39m
[31m    at emitCloseNT (node:net:2416:8)[39m
[31m    at process.processTicksAndRejections (node:internal/process/task_queues:89:21)[39m
2025-12-25 11:56:19:5619 [31merror[39m: [31munhandledRejection: Connection.prototype.close() no longer accepts a callback[39m
[31mMongooseError: Connection.prototype.close() no longer accepts a callback[39m
[31m    at NativeConnection.close (D:\project\mobile_apps\backends\JobConnect\Backend\node_modules\mongoose\lib\connection.js:1205:11)[39m
[31m    at Server.<anonymous> (D:\project\mobile_apps\backends\JobConnect\Backend\src\server.js:409:29)[39m
[31m    at Object.onceWrapper (node:events:621:28)[39m
[31m    at Server.emit (node:events:519:35)[39m
[31m    at emitCloseNT (node:net:2416:8)[39m
[31m    at process.processTicksAndRejections (node:internal/process/task_queues:89:21)[39m
2025-12-25 12:04:13:413 [31merror[39m: [31munhandledRejection: Connection.prototype.close() no longer accepts a callback[39m
[31mMongooseError: Connection.prototype.close() no longer accepts a callback[39m
[31m    at NativeConnection.close (D:\project\mobile_apps\backends\JobConnect\Backend\node_modules\mongoose\lib\connection.js:1205:11)[39m
[31m    at Server.<anonymous> (D:\project\mobile_apps\backends\JobConnect\Backend\src\server.js:409:29)[39m
[31m    at Object.onceWrapper (node:events:621:28)[39m
[31m    at Server.emit (node:events:519:35)[39m
[31m    at emitCloseNT (node:net:2416:8)[39m
[31m    at process.processTicksAndRejections (node:internal/process/task_queues:89:21)[39m
2025-12-26 05:11:40:1140 [31merror[39m: [31munhandledRejection: Connection.prototype.close() no longer accepts a callback[39m
[31mMongooseError: Connection.prototype.close() no longer accepts a callback[39m
[31m    at NativeConnection.close (D:\project\mobile_apps\backends\JobConnect\Backend\node_modules\mongoose\lib\connection.js:1205:11)[39m
[31m    at Server.<anonymous> (D:\project\mobile_apps\backends\JobConnect\Backend\src\server.js:409:29)[39m
[31m    at Object.onceWrapper (node:events:621:28)[39m
[31m    at Server.emit (node:events:519:35)[39m
[31m    at emitCloseNT (node:net:2416:8)[39m
[31m    at process.processTicksAndRejections (node:internal/process/task_queues:89:21)[39m
2025-12-26 12:09:39:939 [31merror[39m: [31munhandledRejection: Connection.prototype.close() no longer accepts a callback[39m
[31mMongooseError: Connection.prototype.close() no longer accepts a callback[39m
[31m    at NativeConnection.close (D:\project\mobile_apps\backends\JobConnect\Backend\node_modules\mongoose\lib\connection.js:1205:11)[39m
[31m    at Server.<anonymous> (D:\project\mobile_apps\backends\JobConnect\Backend\src\server.js:409:29)[39m
[31m    at Object.onceWrapper (node:events:621:28)[39m
[31m    at Server.emit (node:events:519:35)[39m
[31m    at emitCloseNT (node:net:2416:8)[39m
[31m    at process.processTicksAndRejections (node:internal/process/task_queues:89:21)[39m
2025-12-26 12:43:12:4312 [31merror[39m: [31munhandledRejection: Connection.prototype.close() no longer accepts a callback[39m
[31mMongooseError: Connection.prototype.close() no longer accepts a callback[39m
[31m    at NativeConnection.close (D:\project\mobile_apps\backends\JobConnect\Backend\node_modules\mongoose\lib\connection.js:1205:11)[39m
[31m    at Server.<anonymous> (D:\project\mobile_apps\backends\JobConnect\Backend\src\server.js:409:29)[39m
[31m    at Object.onceWrapper (node:events:621:28)[39m
[31m    at Server.emit (node:events:519:35)[39m
[31m    at emitCloseNT (node:net:2416:8)[39m
[31m    at process.processTicksAndRejections (node:internal/process/task_queues:89:21)[39m
2025-12-26 13:56:19:5619 [31merror[39m: [31munhandledRejection: Connection.prototype.close() no longer accepts a callback[39m
[31mMongooseError: Connection.prototype.close() no longer accepts a callback[39m
[31m    at NativeConnection.close (D:\project\mobile_apps\backends\JobConnect\Backend\node_modules\mongoose\lib\connection.js:1205:11)[39m
[31m    at Server.<anonymous> (D:\project\mobile_apps\backends\JobConnect\Backend\src\server.js:409:29)[39m
[31m    at Object.onceWrapper (node:events:621:28)[39m
[31m    at Server.emit (node:events:519:35)[39m
[31m    at emitCloseNT (node:net:2416:8)[39m
[31m    at process.processTicksAndRejections (node:internal/process/task_queues:89:21)[39m
2025-12-26 16:01:04:14 [31merror[39m: [31munhandledRejection: Connection.prototype.close() no longer accepts a callback[39m
[31mMongooseError: Connection.prototype.close() no longer accepts a callback[39m
[31m    at NativeConnection.close (D:\project\mobile_apps\backends\JobConnect\Backend\node_modules\mongoose\lib\connection.js:1205:11)[39m
[31m    at Server.<anonymous> (D:\project\mobile_apps\backends\JobConnect\Backend\src\server.js:409:29)[39m
[31m    at Object.onceWrapper (node:events:621:28)[39m
[31m    at Server.emit (node:events:519:35)[39m
[31m    at emitCloseNT (node:net:2416:8)[39m
[31m    at process.processTicksAndRejections (node:internal/process/task_queues:89:21)[39m
2025-12-26 16:04:40:440 [31merror[39m: [31munhandledRejection: Connection.prototype.close() no longer accepts a callback[39m
[31mMongooseError: Connection.prototype.close() no longer accepts a callback[39m
[31m    at NativeConnection.close (D:\project\mobile_apps\backends\JobConnect\Backend\node_modules\mongoose\lib\connection.js:1205:11)[39m
[31m    at Server.<anonymous> (D:\project\mobile_apps\backends\JobConnect\Backend\src\server.js:409:29)[39m
[31m    at Object.onceWrapper (node:events:621:28)[39m
[31m    at Server.emit (node:events:519:35)[39m
[31m    at emitCloseNT (node:net:2416:8)[39m
[31m    at process.processTicksAndRejections (node:internal/process/task_queues:89:21)[39m
2025-12-26 16:09:23:923 [31merror[39m: [31munhandledRejection: Connection.prototype.close() no longer accepts a callback[39m
[31mMongooseError: Connection.prototype.close() no longer accepts a callback[39m
[31m    at NativeConnection.close (D:\project\mobile_apps\backends\JobConnect\Backend\node_modules\mongoose\lib\connection.js:1205:11)[39m
[31m    at Server.<anonymous> (D:\project\mobile_apps\backends\JobConnect\Backend\src\server.js:409:29)[39m
[31m    at Object.onceWrapper (node:events:621:28)[39m
[31m    at Server.emit (node:events:519:35)[39m
[31m    at emitCloseNT (node:net:2416:8)[39m
[31m    at process.processTicksAndRejections (node:internal/process/task_queues:89:21)[39m
2025-12-26 16:15:54:1554 [31merror[39m: [31munhandledRejection: Connection.prototype.close() no longer accepts a callback[39m
[31mMongooseError: Connection.prototype.close() no longer accepts a callback[39m
[31m    at NativeConnection.close (D:\project\mobile_apps\backends\JobConnect\Backend\node_modules\mongoose\lib\connection.js:1205:11)[39m
[31m    at Server.<anonymous> (D:\project\mobile_apps\backends\JobConnect\Backend\src\server.js:409:29)[39m
[31m    at Object.onceWrapper (node:events:621:28)[39m
[31m    at Server.emit (node:events:519:35)[39m
[31m    at emitCloseNT (node:net:2416:8)[39m
[31m    at process.processTicksAndRejections (node:internal/process/task_queues:89:21)[39m
2025-12-26 16:24:41:2441 [31merror[39m: [31munhandledRejection: Connection.prototype.close() no longer accepts a callback[39m
[31mMongooseError: Connection.prototype.close() no longer accepts a callback[39m
[31m    at NativeConnection.close (D:\project\mobile_apps\backends\JobConnect\Backend\node_modules\mongoose\lib\connection.js:1205:11)[39m
[31m    at Server.<anonymous> (D:\project\mobile_apps\backends\JobConnect\Backend\src\server.js:409:29)[39m
[31m    at Object.onceWrapper (node:events:621:28)[39m
[31m    at Server.emit (node:events:519:35)[39m
[31m    at emitCloseNT (node:net:2416:8)[39m
[31m    at process.processTicksAndRejections (node:internal/process/task_queues:89:21)[39m
2025-12-26 16:32:16:3216 [31merror[39m: [31munhandledRejection: Connection.prototype.close() no longer accepts a callback[39m
[31mMongooseError: Connection.prototype.close() no longer accepts a callback[39m
[31m    at NativeConnection.close (D:\project\mobile_apps\backends\JobConnect\Backend\node_modules\mongoose\lib\connection.js:1205:11)[39m
[31m    at Server.<anonymous> (D:\project\mobile_apps\backends\JobConnect\Backend\src\server.js:409:29)[39m
[31m    at Object.onceWrapper (node:events:621:28)[39m
[31m    at Server.emit (node:events:519:35)[39m
[31m    at emitCloseNT (node:net:2416:8)[39m
[31m    at process.processTicksAndRejections (node:internal/process/task_queues:89:21)[39m
2025-12-26 16:54:56:5456 [31merror[39m: [31munhandledRejection: Connection.prototype.close() no longer accepts a callback[39m
[31mMongooseError: Connection.prototype.close() no longer accepts a callback[39m
[31m    at NativeConnection.close (D:\project\mobile_apps\backends\JobConnect\Backend\node_modules\mongoose\lib\connection.js:1205:11)[39m
[31m    at Server.<anonymous> (D:\project\mobile_apps\backends\JobConnect\Backend\src\server.js:409:29)[39m
[31m    at Object.onceWrapper (node:events:621:28)[39m
[31m    at Server.emit (node:events:519:35)[39m
[31m    at emitCloseNT (node:net:2416:8)[39m
[31m    at process.processTicksAndRejections (node:internal/process/task_queues:89:21)[39m
2025-12-26 20:34:57:3457 [31merror[39m: [31munhandledRejection: Connection.prototype.close() no longer accepts a callback[39m
[31mMongooseError: Connection.prototype.close() no longer accepts a callback[39m
[31m    at NativeConnection.close (D:\project\mobile_apps\backends\JobConnect\Backend\node_modules\mongoose\lib\connection.js:1205:11)[39m
[31m    at Server.<anonymous> (D:\project\mobile_apps\backends\JobConnect\Backend\src\server.js:409:29)[39m
[31m    at Object.onceWrapper (node:events:621:28)[39m
[31m    at Server.emit (node:events:519:35)[39m
[31m    at emitCloseNT (node:net:2416:8)[39m
[31m    at process.processTicksAndRejections (node:internal/process/task_queues:89:21)[39m
2025-12-27 08:54:15:5415 [31merror[39m: [31munhandledRejection: Connection.prototype.close() no longer accepts a callback[39m
[31mMongooseError: Connection.prototype.close() no longer accepts a callback[39m
[31m    at NativeConnection.close (D:\project\mobile_apps\backends\JobConnect\Backend\node_modules\mongoose\lib\connection.js:1205:11)[39m
[31m    at Server.<anonymous> (D:\project\mobile_apps\backends\JobConnect\Backend\src\server.js:409:29)[39m
[31m    at Object.onceWrapper (node:events:621:28)[39m
[31m    at Server.emit (node:events:519:35)[39m
[31m    at emitCloseNT (node:net:2416:8)[39m
[31m    at process.processTicksAndRejections (node:internal/process/task_queues:89:21)[39m
2025-12-27 09:02:20:220 [31merror[39m: [31munhandledRejection: Connection.prototype.close() no longer accepts a callback[39m
[31mMongooseError: Connection.prototype.close() no longer accepts a callback[39m
[31m    at NativeConnection.close (D:\project\mobile_apps\backends\JobConnect\Backend\node_modules\mongoose\lib\connection.js:1205:11)[39m
[31m    at Server.<anonymous> (D:\project\mobile_apps\backends\JobConnect\Backend\src\server.js:409:29)[39m
[31m    at Object.onceWrapper (node:events:621:28)[39m
[31m    at Server.emit (node:events:519:35)[39m
[31m    at emitCloseNT (node:net:2416:8)[39m
[31m    at process.processTicksAndRejections (node:internal/process/task_queues:89:21)[39m
2025-12-27 11:24:59:2459 [31merror[39m: [31munhandledRejection: Connection.prototype.close() no longer accepts a callback[39m
[31mMongooseError: Connection.prototype.close() no longer accepts a callback[39m
[31m    at NativeConnection.close (D:\project\mobile_apps\backends\JobConnect\Backend\node_modules\mongoose\lib\connection.js:1205:11)[39m
[31m    at Server.<anonymous> (D:\project\mobile_apps\backends\JobConnect\Backend\src\server.js:409:29)[39m
[31m    at Object.onceWrapper (node:events:621:28)[39m
[31m    at Server.emit (node:events:519:35)[39m
[31m    at emitCloseNT (node:net:2416:8)[39m
[31m    at process.processTicksAndRejections (node:internal/process/task_queues:89:21)[39m
2025-12-27 20:41:04:414 [31merror[39m: [31munhandledRejection: Connection.prototype.close() no longer accepts a callback[39m
[31mMongooseError: Connection.prototype.close() no longer accepts a callback[39m
[31m    at NativeConnection.close (D:\project\mobile_apps\backends\JobConnect\Backend\node_modules\mongoose\lib\connection.js:1205:11)[39m
[31m    at Server.<anonymous> (D:\project\mobile_apps\backends\JobConnect\Backend\src\server.js:409:29)[39m
[31m    at Object.onceWrapper (node:events:621:28)[39m
[31m    at Server.emit (node:events:519:35)[39m
[31m    at emitCloseNT (node:net:2416:8)[39m
[31m    at process.processTicksAndRejections (node:internal/process/task_queues:89:21)[39m
2025-12-27 21:26:32:2632 [31merror[39m: [31munhandledRejection: Connection.prototype.close() no longer accepts a callback[39m
[31mMongooseError: Connection.prototype.close() no longer accepts a callback[39m
[31m    at NativeConnection.close (D:\project\mobile_apps\backends\JobConnect\Backend\node_modules\mongoose\lib\connection.js:1205:11)[39m
[31m    at Server.<anonymous> (D:\project\mobile_apps\backends\JobConnect\Backend\src\server.js:409:29)[39m
[31m    at Object.onceWrapper (node:events:621:28)[39m
[31m    at Server.emit (node:events:519:35)[39m
[31m    at emitCloseNT (node:net:2416:8)[39m
[31m    at process.processTicksAndRejections (node:internal/process/task_queues:89:21)[39m
2025-12-27 21:32:43:3243 [31merror[39m: [31munhandledRejection: Connection.prototype.close() no longer accepts a callback[39m
[31mMongooseError: Connection.prototype.close() no longer accepts a callback[39m
[31m    at NativeConnection.close (D:\project\mobile_apps\backends\JobConnect\Backend\node_modules\mongoose\lib\connection.js:1205:11)[39m
[31m    at Server.<anonymous> (D:\project\mobile_apps\backends\JobConnect\Backend\src\server.js:409:29)[39m
[31m    at Object.onceWrapper (node:events:621:28)[39m
[31m    at Server.emit (node:events:519:35)[39m
[31m    at emitCloseNT (node:net:2416:8)[39m
[31m    at process.processTicksAndRejections (node:internal/process/task_queues:89:21)[39m
2025-12-27 21:40:11:4011 [31merror[39m: [31munhandledRejection: Connection.prototype.close() no longer accepts a callback[39m
[31mMongooseError: Connection.prototype.close() no longer accepts a callback[39m
[31m    at NativeConnection.close (D:\project\mobile_apps\backends\JobConnect\Backend\node_modules\mongoose\lib\connection.js:1205:11)[39m
[31m    at Server.<anonymous> (D:\project\mobile_apps\backends\JobConnect\Backend\src\server.js:409:29)[39m
[31m    at Object.onceWrapper (node:events:621:28)[39m
[31m    at Server.emit (node:events:519:35)[39m
[31m    at emitCloseNT (node:net:2416:8)[39m
[31m    at process.processTicksAndRejections (node:internal/process/task_queues:89:21)[39m
2025-12-27 21:42:01:421 [31merror[39m: [31munhandledRejection: Connection.prototype.close() no longer accepts a callback[39m
[31mMongooseError: Connection.prototype.close() no longer accepts a callback[39m
[31m    at NativeConnection.close (D:\project\mobile_apps\backends\JobConnect\Backend\node_modules\mongoose\lib\connection.js:1205:11)[39m
[31m    at Server.<anonymous> (D:\project\mobile_apps\backends\JobConnect\Backend\src\server.js:409:29)[39m
[31m    at Object.onceWrapper (node:events:621:28)[39m
[31m    at Server.emit (node:events:519:35)[39m
[31m    at emitCloseNT (node:net:2416:8)[39m
[31m    at process.processTicksAndRejections (node:internal/process/task_queues:89:21)[39m
2025-12-27 21:44:05:445 [31merror[39m: [31munhandledRejection: Connection.prototype.close() no longer accepts a callback[39m
[31mMongooseError: Connection.prototype.close() no longer accepts a callback[39m
[31m    at NativeConnection.close (D:\project\mobile_apps\backends\JobConnect\Backend\node_modules\mongoose\lib\connection.js:1205:11)[39m
[31m    at Server.<anonymous> (D:\project\mobile_apps\backends\JobConnect\Backend\src\server.js:409:29)[39m
[31m    at Object.onceWrapper (node:events:621:28)[39m
[31m    at Server.emit (node:events:519:35)[39m
[31m    at emitCloseNT (node:net:2416:8)[39m
[31m    at process.processTicksAndRejections (node:internal/process/task_queues:89:21)[39m
2025-12-27 21:54:02:542 [31merror[39m: [31munhandledRejection: Connection.prototype.close() no longer accepts a callback[39m
[31mMongooseError: Connection.prototype.close() no longer accepts a callback[39m
[31m    at NativeConnection.close (D:\project\mobile_apps\backends\JobConnect\Backend\node_modules\mongoose\lib\connection.js:1205:11)[39m
[31m    at Server.<anonymous> (D:\project\mobile_apps\backends\JobConnect\Backend\src\server.js:409:29)[39m
[31m    at Object.onceWrapper (node:events:621:28)[39m
[31m    at Server.emit (node:events:519:35)[39m
[31m    at emitCloseNT (node:net:2416:8)[39m
[31m    at process.processTicksAndRejections (node:internal/process/task_queues:89:21)[39m
2025-12-27 21:56:09:569 [31merror[39m: [31munhandledRejection: Connection.prototype.close() no longer accepts a callback[39m
[31mMongooseError: Connection.prototype.close() no longer accepts a callback[39m
[31m    at NativeConnection.close (D:\project\mobile_apps\backends\JobConnect\Backend\node_modules\mongoose\lib\connection.js:1205:11)[39m
[31m    at Server.<anonymous> (D:\project\mobile_apps\backends\JobConnect\Backend\src\server.js:409:29)[39m
[31m    at Object.onceWrapper (node:events:621:28)[39m
[31m    at Server.emit (node:events:519:35)[39m
[31m    at emitCloseNT (node:net:2416:8)[39m
[31m    at process.processTicksAndRejections (node:internal/process/task_queues:89:21)[39m
2025-12-28 00:34:06:346 [31merror[39m: [31munhandledRejection: Connection.prototype.close() no longer accepts a callback[39m
[31mMongooseError: Connection.prototype.close() no longer accepts a callback[39m
[31m    at NativeConnection.close (D:\project\mobile_apps\backends\JobConnect\Backend\node_modules\mongoose\lib\connection.js:1205:11)[39m
[31m    at Server.<anonymous> (D:\project\mobile_apps\backends\JobConnect\Backend\src\server.js:409:29)[39m
[31m    at Object.onceWrapper (node:events:621:28)[39m
[31m    at Server.emit (node:events:519:35)[39m
[31m    at emitCloseNT (node:net:2416:8)[39m
[31m    at process.processTicksAndRejections (node:internal/process/task_queues:89:21)[39m
2025-12-28 01:03:47:347 [31merror[39m: [31munhandledRejection: Connection.prototype.close() no longer accepts a callback[39m
[31mMongooseError: Connection.prototype.close() no longer accepts a callback[39m
[31m    at NativeConnection.close (D:\project\mobile_apps\backends\JobConnect\Backend\node_modules\mongoose\lib\connection.js:1205:11)[39m
[31m    at Server.<anonymous> (D:\project\mobile_apps\backends\JobConnect\Backend\src\server.js:409:29)[39m
[31m    at Object.onceWrapper (node:events:621:28)[39m
[31m    at Server.emit (node:events:519:35)[39m
[31m    at emitCloseNT (node:net:2416:8)[39m
[31m    at process.processTicksAndRejections (node:internal/process/task_queues:89:21)[39m
2025-12-28 01:51:01:511 [31merror[39m: [31munhandledRejection: Connection.prototype.close() no longer accepts a callback[39m
[31mMongooseError: Connection.prototype.close() no longer accepts a callback[39m
[31m    at NativeConnection.close (D:\project\mobile_apps\backends\JobConnect\Backend\node_modules\mongoose\lib\connection.js:1205:11)[39m
[31m    at Server.<anonymous> (D:\project\mobile_apps\backends\JobConnect\Backend\src\server.js:409:29)[39m
[31m    at Object.onceWrapper (node:events:621:28)[39m
[31m    at Server.emit (node:events:519:35)[39m
[31m    at emitCloseNT (node:net:2416:8)[39m
[31m    at process.processTicksAndRejections (node:internal/process/task_queues:89:21)[39m
2025-12-28 01:59:13:5913 [31merror[39m: [31munhandledRejection: Connection.prototype.close() no longer accepts a callback[39m
[31mMongooseError: Connection.prototype.close() no longer accepts a callback[39m
[31m    at NativeConnection.close (D:\project\mobile_apps\backends\JobConnect\Backend\node_modules\mongoose\lib\connection.js:1205:11)[39m
[31m    at Server.<anonymous> (D:\project\mobile_apps\backends\JobConnect\Backend\src\server.js:409:29)[39m
[31m    at Object.onceWrapper (node:events:621:28)[39m
[31m    at Server.emit (node:events:519:35)[39m
[31m    at emitCloseNT (node:net:2416:8)[39m
[31m    at process.processTicksAndRejections (node:internal/process/task_queues:89:21)[39m
2025-12-28 02:08:43:843 [31merror[39m: [31munhandledRejection: Connection.prototype.close() no longer accepts a callback[39m
[31mMongooseError: Connection.prototype.close() no longer accepts a callback[39m
[31m    at NativeConnection.close (D:\project\mobile_apps\backends\JobConnect\Backend\node_modules\mongoose\lib\connection.js:1205:11)[39m
[31m    at Server.<anonymous> (D:\project\mobile_apps\backends\JobConnect\Backend\src\server.js:409:29)[39m
[31m    at Object.onceWrapper (node:events:621:28)[39m
[31m    at Server.emit (node:events:519:35)[39m
[31m    at emitCloseNT (node:net:2416:8)[39m
[31m    at process.processTicksAndRejections (node:internal/process/task_queues:89:21)[39m
2025-12-28 02:10:01:101 [31merror[39m: [31munhandledRejection: Connection.prototype.close() no longer accepts a callback[39m
[31mMongooseError: Connection.prototype.close() no longer accepts a callback[39m
[31m    at NativeConnection.close (D:\project\mobile_apps\backends\JobConnect\Backend\node_modules\mongoose\lib\connection.js:1205:11)[39m
[31m    at Server.<anonymous> (D:\project\mobile_apps\backends\JobConnect\Backend\src\server.js:409:29)[39m
[31m    at Object.onceWrapper (node:events:621:28)[39m
[31m    at Server.emit (node:events:519:35)[39m
[31m    at emitCloseNT (node:net:2416:8)[39m
[31m    at process.processTicksAndRejections (node:internal/process/task_queues:89:21)[39m
2025-12-28 02:12:46:1246 [31merror[39m: [31munhandledRejection: Connection.prototype.close() no longer accepts a callback[39m
[31mMongooseError: Connection.prototype.close() no longer accepts a callback[39m
[31m    at NativeConnection.close (D:\project\mobile_apps\backends\JobConnect\Backend\node_modules\mongoose\lib\connection.js:1205:11)[39m
[31m    at Server.<anonymous> (D:\project\mobile_apps\backends\JobConnect\Backend\src\server.js:409:29)[39m
[31m    at Object.onceWrapper (node:events:621:28)[39m
[31m    at Server.emit (node:events:519:35)[39m
[31m    at emitCloseNT (node:net:2416:8)[39m
[31m    at process.processTicksAndRejections (node:internal/process/task_queues:89:21)[39m
2025-12-28 02:19:30:1930 [31merror[39m: [31munhandledRejection: Connection.prototype.close() no longer accepts a callback[39m
[31mMongooseError: Connection.prototype.close() no longer accepts a callback[39m
[31m    at NativeConnection.close (D:\project\mobile_apps\backends\JobConnect\Backend\node_modules\mongoose\lib\connection.js:1205:11)[39m
[31m    at Server.<anonymous> (D:\project\mobile_apps\backends\JobConnect\Backend\src\server.js:409:29)[39m
[31m    at Object.onceWrapper (node:events:621:28)[39m
[31m    at Server.emit (node:events:519:35)[39m
[31m    at emitCloseNT (node:net:2416:8)[39m
[31m    at process.processTicksAndRejections (node:internal/process/task_queues:89:21)[39m
2025-12-28 02:26:19:2619 [31merror[39m: [31munhandledRejection: Connection.prototype.close() no longer accepts a callback[39m
[31mMongooseError: Connection.prototype.close() no longer accepts a callback[39m
[31m    at NativeConnection.close (D:\project\mobile_apps\backends\JobConnect\Backend\node_modules\mongoose\lib\connection.js:1205:11)[39m
[31m    at Server.<anonymous> (D:\project\mobile_apps\backends\JobConnect\Backend\src\server.js:409:29)[39m
[31m    at Object.onceWrapper (node:events:621:28)[39m
[31m    at Server.emit (node:events:519:35)[39m
[31m    at emitCloseNT (node:net:2416:8)[39m
[31m    at process.processTicksAndRejections (node:internal/process/task_queues:89:21)[39m
2025-12-28 02:38:10:3810 [31merror[39m: [31munhandledRejection: Connection.prototype.close() no longer accepts a callback[39m
[31mMongooseError: Connection.prototype.close() no longer accepts a callback[39m
[31m    at NativeConnection.close (D:\project\mobile_apps\backends\JobConnect\Backend\node_modules\mongoose\lib\connection.js:1205:11)[39m
[31m    at Server.<anonymous> (D:\project\mobile_apps\backends\JobConnect\Backend\src\server.js:409:29)[39m
[31m    at Object.onceWrapper (node:events:621:28)[39m
[31m    at Server.emit (node:events:519:35)[39m
[31m    at emitCloseNT (node:net:2416:8)[39m
[31m    at process.processTicksAndRejections (node:internal/process/task_queues:89:21)[39m
2025-12-29 18:02:20:220 [31merror[39m: [31munhandledRejection: Connection.prototype.close() no longer accepts a callback[39m
[31mMongooseError: Connection.prototype.close() no longer accepts a callback[39m
[31m    at NativeConnection.close (D:\project\mobile_apps\backends\JobConnect\Backend\node_modules\mongoose\lib\connection.js:1205:11)[39m
[31m    at Server.<anonymous> (D:\project\mobile_apps\backends\JobConnect\Backend\src\server.js:409:29)[39m
[31m    at Object.onceWrapper (node:events:621:28)[39m
[31m    at Server.emit (node:events:519:35)[39m
[31m    at emitCloseNT (node:net:2416:8)[39m
[31m    at process.processTicksAndRejections (node:internal/process/task_queues:89:21)[39m
2025-12-29 18:08:48:848 [31merror[39m: [31munhandledRejection: Connection.prototype.close() no longer accepts a callback[39m
[31mMongooseError: Connection.prototype.close() no longer accepts a callback[39m
[31m    at NativeConnection.close (D:\project\mobile_apps\backends\JobConnect\backend\node_modules\mongoose\lib\connection.js:1205:11)[39m
[31m    at Server.<anonymous> (D:\project\mobile_apps\backends\JobConnect\backend\src\server.js:409:29)[39m
[31m    at Object.onceWrapper (node:events:621:28)[39m
[31m    at Server.emit (node:events:519:35)[39m
[31m    at emitCloseNT (node:net:2416:8)[39m
[31m    at process.processTicksAndRejections (node:internal/process/task_queues:89:21)[39m
2025-12-29 18:09:48:948 [31merror[39m: [31munhandledRejection: Connection.prototype.close() no longer accepts a callback[39m
[31mMongooseError: Connection.prototype.close() no longer accepts a callback[39m
[31m    at NativeConnection.close (D:\project\mobile_apps\backends\JobConnect\backend\node_modules\mongoose\lib\connection.js:1205:11)[39m
[31m    at Server.<anonymous> (D:\project\mobile_apps\backends\JobConnect\backend\src\server.js:409:29)[39m
[31m    at Object.onceWrapper (node:events:621:28)[39m
[31m    at Server.emit (node:events:519:35)[39m
[31m    at emitCloseNT (node:net:2416:8)[39m
[31m    at process.processTicksAndRejections (node:internal/process/task_queues:89:21)[39m
2025-12-29 18:19:38:1938 [31merror[39m: [31munhandledRejection: Connection.prototype.close() no longer accepts a callback[39m
[31mMongooseError: Connection.prototype.close() no longer accepts a callback[39m
[31m    at NativeConnection.close (D:\project\mobile_apps\backends\JobConnect\backend\node_modules\mongoose\lib\connection.js:1205:11)[39m
[31m    at Server.<anonymous> (D:\project\mobile_apps\backends\JobConnect\backend\src\server.js:409:29)[39m
[31m    at Object.onceWrapper (node:events:621:28)[39m
[31m    at Server.emit (node:events:519:35)[39m
[31m    at emitCloseNT (node:net:2416:8)[39m
[31m    at process.processTicksAndRejections (node:internal/process/task_queues:89:21)[39m
2025-12-31 16:37:35:3735 [31merror[39m: [31munhandledRejection: Connection.prototype.close() no longer accepts a callback[39m
[31mMongooseError: Connection.prototype.close() no longer accepts a callback[39m
[31m    at NativeConnection.close (D:\project\mobile_apps\backends\JobConnect\Backend\node_modules\mongoose\lib\connection.js:1205:11)[39m
[31m    at Server.<anonymous> (D:\project\mobile_apps\backends\JobConnect\Backend\src\server.js:409:29)[39m
[31m    at Object.onceWrapper (node:events:621:28)[39m
[31m    at Server.emit (node:events:519:35)[39m
[31m    at emitCloseNT (node:net:2416:8)[39m
[31m    at process.processTicksAndRejections (node:internal/process/task_queues:89:21)[39m
2025-12-31 17:20:09:209 [31merror[39m: [31munhandledRejection: Connection.prototype.close() no longer accepts a callback[39m
[31mMongooseError: Connection.prototype.close() no longer accepts a callback[39m
[31m    at NativeConnection.close (D:\project\mobile_apps\backends\JobConnect\Backend\node_modules\mongoose\lib\connection.js:1205:11)[39m
[31m    at Server.<anonymous> (D:\project\mobile_apps\backends\JobConnect\Backend\src\server.js:409:29)[39m
[31m    at Object.onceWrapper (node:events:621:28)[39m
[31m    at Server.emit (node:events:519:35)[39m
[31m    at emitCloseNT (node:net:2416:8)[39m
[31m    at process.processTicksAndRejections (node:internal/process/task_queues:89:21)[39m
2026-01-01 08:00:33:033 [31merror[39m: [31munhandledRejection: Connection.prototype.close() no longer accepts a callback[39m
[31mMongooseError: Connection.prototype.close() no longer accepts a callback[39m
[31m    at NativeConnection.close (D:\project\mobile_apps\backends\JobConnect\Backend\node_modules\mongoose\lib\connection.js:1205:11)[39m
[31m    at Server.<anonymous> (D:\project\mobile_apps\backends\JobConnect\Backend\src\server.js:409:29)[39m
[31m    at Object.onceWrapper (node:events:621:28)[39m
[31m    at Server.emit (node:events:519:35)[39m
[31m    at emitCloseNT (node:net:2416:8)[39m
[31m    at process.processTicksAndRejections (node:internal/process/task_queues:89:21)[39m
2026-01-01 08:04:08:48 [31merror[39m: [31munhandledRejection: Connection.prototype.close() no longer accepts a callback[39m
[31mMongooseError: Connection.prototype.close() no longer accepts a callback[39m
[31m    at NativeConnection.close (D:\project\mobile_apps\backends\JobConnect\Backend\node_modules\mongoose\lib\connection.js:1205:11)[39m
[31m    at Server.<anonymous> (D:\project\mobile_apps\backends\JobConnect\Backend\src\server.js:409:29)[39m
[31m    at Object.onceWrapper (node:events:621:28)[39m
[31m    at Server.emit (node:events:519:35)[39m
[31m    at emitCloseNT (node:net:2416:8)[39m
[31m    at process.processTicksAndRejections (node:internal/process/task_queues:89:21)[39m
2026-01-01 08:11:01:111 [31merror[39m: [31munhandledRejection: Connection.prototype.close() no longer accepts a callback[39m
[31mMongooseError: Connection.prototype.close() no longer accepts a callback[39m
[31m    at NativeConnection.close (D:\project\mobile_apps\backends\JobConnect\Backend\node_modules\mongoose\lib\connection.js:1205:11)[39m
[31m    at Server.<anonymous> (D:\project\mobile_apps\backends\JobConnect\Backend\src\server.js:409:29)[39m
[31m    at Object.onceWrapper (node:events:621:28)[39m
[31m    at Server.emit (node:events:519:35)[39m
[31m    at emitCloseNT (node:net:2416:8)[39m
[31m    at process.processTicksAndRejections (node:internal/process/task_queues:89:21)[39m
2026-01-01 08:27:41:2741 [31merror[39m: [31munhandledRejection: Connection.prototype.close() no longer accepts a callback[39m
[31mMongooseError: Connection.prototype.close() no longer accepts a callback[39m
[31m    at NativeConnection.close (D:\project\mobile_apps\backends\JobConnect\Backend\node_modules\mongoose\lib\connection.js:1205:11)[39m
[31m    at Server.<anonymous> (D:\project\mobile_apps\backends\JobConnect\Backend\src\server.js:409:29)[39m
[31m    at Object.onceWrapper (node:events:621:28)[39m
[31m    at Server.emit (node:events:519:35)[39m
[31m    at emitCloseNT (node:net:2416:8)[39m
[31m    at process.processTicksAndRejections (node:internal/process/task_queues:89:21)[39m
2026-01-01 08:47:45:4745 [31merror[39m: [31munhandledRejection: Connection.prototype.close() no longer accepts a callback[39m
[31mMongooseError: Connection.prototype.close() no longer accepts a callback[39m
[31m    at NativeConnection.close (D:\project\mobile_apps\backends\JobConnect\Backend\node_modules\mongoose\lib\connection.js:1205:11)[39m
[31m    at Server.<anonymous> (D:\project\mobile_apps\backends\JobConnect\Backend\src\server.js:409:29)[39m
[31m    at Object.onceWrapper (node:events:621:28)[39m
[31m    at Server.emit (node:events:519:35)[39m
[31m    at emitCloseNT (node:net:2416:8)[39m
[31m    at process.processTicksAndRejections (node:internal/process/task_queues:89:21)[39m
2026-01-01 11:20:47:2047 [31merror[39m: [31munhandledRejection: Connection.prototype.close() no longer accepts a callback[39m
[31mMongooseError: Connection.prototype.close() no longer accepts a callback[39m
[31m    at NativeConnection.close (D:\project\mobile_apps\backends\JobConnect\Backend\node_modules\mongoose\lib\connection.js:1205:11)[39m
[31m    at Server.<anonymous> (D:\project\mobile_apps\backends\JobConnect\Backend\src\server.js:409:29)[39m
[31m    at Object.onceWrapper (node:events:621:28)[39m
[31m    at Server.emit (node:events:519:35)[39m
[31m    at emitCloseNT (node:net:2416:8)[39m
[31m    at process.processTicksAndRejections (node:internal/process/task_queues:89:21)[39m
2026-01-01 12:14:45:1445 [31merror[39m: [31munhandledRejection: Connection.prototype.close() no longer accepts a callback[39m
[31mMongooseError: Connection.prototype.close() no longer accepts a callback[39m
[31m    at NativeConnection.close (D:\project\mobile_apps\backends\JobConnect\Backend\node_modules\mongoose\lib\connection.js:1205:11)[39m
[31m    at Server.<anonymous> (D:\project\mobile_apps\backends\JobConnect\Backend\src\server.js:414:29)[39m
[31m    at Object.onceWrapper (node:events:621:28)[39m
[31m    at Server.emit (node:events:519:35)[39m
[31m    at emitCloseNT (node:net:2416:8)[39m
[31m    at process.processTicksAndRejections (node:internal/process/task_queues:89:21)[39m
2026-01-01 12:54:10:5410 [31merror[39m: [31munhandledRejection: Connection.prototype.close() no longer accepts a callback[39m
[31mMongooseError: Connection.prototype.close() no longer accepts a callback[39m
[31m    at NativeConnection.close (D:\project\mobile_apps\backends\JobConnect\Backend\node_modules\mongoose\lib\connection.js:1205:11)[39m
[31m    at Server.<anonymous> (D:\project\mobile_apps\backends\JobConnect\Backend\src\server.js:414:29)[39m
[31m    at Object.onceWrapper (node:events:621:28)[39m
[31m    at Server.emit (node:events:519:35)[39m
[31m    at emitCloseNT (node:net:2416:8)[39m
[31m    at process.processTicksAndRejections (node:internal/process/task_queues:89:21)[39m
2026-01-01 12:56:47:5647 [31merror[39m: [31munhandledRejection: Connection.prototype.close() no longer accepts a callback[39m
[31mMongooseError: Connection.prototype.close() no longer accepts a callback[39m
[31m    at NativeConnection.close (D:\project\mobile_apps\backends\JobConnect\Backend\node_modules\mongoose\lib\connection.js:1205:11)[39m
[31m    at Server.<anonymous> (D:\project\mobile_apps\backends\JobConnect\Backend\src\server.js:414:29)[39m
[31m    at Object.onceWrapper (node:events:621:28)[39m
[31m    at Server.emit (node:events:519:35)[39m
[31m    at emitCloseNT (node:net:2416:8)[39m
[31m    at process.processTicksAndRejections (node:internal/process/task_queues:89:21)[39m
2026-01-01 13:12:50:1250 [31merror[39m: [31munhandledRejection: Connection.prototype.close() no longer accepts a callback[39m
[31mMongooseError: Connection.prototype.close() no longer accepts a callback[39m
[31m    at NativeConnection.close (D:\project\mobile_apps\backends\JobConnect\Backend\node_modules\mongoose\lib\connection.js:1205:11)[39m
[31m    at Server.<anonymous> (D:\project\mobile_apps\backends\JobConnect\Backend\src\server.js:414:29)[39m
[31m    at Object.onceWrapper (node:events:621:28)[39m
[31m    at Server.emit (node:events:519:35)[39m
[31m    at emitCloseNT (node:net:2416:8)[39m
[31m    at process.processTicksAndRejections (node:internal/process/task_queues:89:21)[39m
2026-01-01 13:14:04:144 [31merror[39m: [31munhandledRejection: Connection.prototype.close() no longer accepts a callback[39m
[31mMongooseError: Connection.prototype.close() no longer accepts a callback[39m
[31m    at NativeConnection.close (D:\project\mobile_apps\backends\JobConnect\Backend\node_modules\mongoose\lib\connection.js:1205:11)[39m
[31m    at Server.<anonymous> (D:\project\mobile_apps\backends\JobConnect\Backend\src\server.js:414:29)[39m
[31m    at Object.onceWrapper (node:events:621:28)[39m
[31m    at Server.emit (node:events:519:35)[39m
[31m    at emitCloseNT (node:net:2416:8)[39m
[31m    at process.processTicksAndRejections (node:internal/process/task_queues:89:21)[39m
2026-01-01 13:16:28:1628 [31merror[39m: [31munhandledRejection: Connection.prototype.close() no longer accepts a callback[39m
[31mMongooseError: Connection.prototype.close() no longer accepts a callback[39m
[31m    at NativeConnection.close (D:\project\mobile_apps\backends\JobConnect\Backend\node_modules\mongoose\lib\connection.js:1205:11)[39m
[31m    at Server.<anonymous> (D:\project\mobile_apps\backends\JobConnect\Backend\src\server.js:414:29)[39m
[31m    at Object.onceWrapper (node:events:621:28)[39m
[31m    at Server.emit (node:events:519:35)[39m
[31m    at emitCloseNT (node:net:2416:8)[39m
[31m    at process.processTicksAndRejections (node:internal/process/task_queues:89:21)[39m
2026-01-01 13:27:41:2741 [31merror[39m: [31munhandledRejection: Connection.prototype.close() no longer accepts a callback[39m
[31mMongooseError: Connection.prototype.close() no longer accepts a callback[39m
[31m    at NativeConnection.close (D:\project\mobile_apps\backends\JobConnect\Backend\node_modules\mongoose\lib\connection.js:1205:11)[39m
[31m    at Server.<anonymous> (D:\project\mobile_apps\backends\JobConnect\Backend\src\server.js:414:29)[39m
[31m    at Object.onceWrapper (node:events:621:28)[39m
[31m    at Server.emit (node:events:519:35)[39m
[31m    at emitCloseNT (node:net:2416:8)[39m
[31m    at process.processTicksAndRejections (node:internal/process/task_queues:89:21)[39m
2026-01-01 14:53:27:5327 [31merror[39m: [31munhandledRejection: Connection.prototype.close() no longer accepts a callback[39m
[31mMongooseError: Connection.prototype.close() no longer accepts a callback[39m
[31m    at NativeConnection.close (D:\project\mobile_apps\backends\JobConnect\Backend\node_modules\mongoose\lib\connection.js:1205:11)[39m
[31m    at Server.<anonymous> (D:\project\mobile_apps\backends\JobConnect\Backend\src\server.js:414:29)[39m
[31m    at Object.onceWrapper (node:events:621:28)[39m
[31m    at Server.emit (node:events:519:35)[39m
[31m    at emitCloseNT (node:net:2416:8)[39m
[31m    at process.processTicksAndRejections (node:internal/process/task_queues:89:21)[39m
2026-01-01 15:14:49:1449 [31merror[39m: [31munhandledRejection: Connection.prototype.close() no longer accepts a callback[39m
[31mMongooseError: Connection.prototype.close() no longer accepts a callback[39m
[31m    at NativeConnection.close (D:\project\mobile_apps\backends\JobConnect\Backend\node_modules\mongoose\lib\connection.js:1205:11)[39m
[31m    at Server.<anonymous> (D:\project\mobile_apps\backends\JobConnect\Backend\src\server.js:414:29)[39m
[31m    at Object.onceWrapper (node:events:621:28)[39m
[31m    at Server.emit (node:events:519:35)[39m
[31m    at emitCloseNT (node:net:2416:8)[39m
[31m    at process.processTicksAndRejections (node:internal/process/task_queues:89:21)[39m
2026-01-01 15:24:47:2447 [31merror[39m: [31munhandledRejection: Connection.prototype.close() no longer accepts a callback[39m
[31mMongooseError: Connection.prototype.close() no longer accepts a callback[39m
[31m    at NativeConnection.close (D:\project\mobile_apps\backends\JobConnect\Backend\node_modules\mongoose\lib\connection.js:1205:11)[39m
[31m    at Server.<anonymous> (D:\project\mobile_apps\backends\JobConnect\Backend\src\server.js:414:29)[39m
[31m    at Object.onceWrapper (node:events:621:28)[39m
[31m    at Server.emit (node:events:519:35)[39m
[31m    at emitCloseNT (node:net:2416:8)[39m
[31m    at process.processTicksAndRejections (node:internal/process/task_queues:89:21)[39m
2026-01-01 15:33:04:334 [31merror[39m: [31munhandledRejection: Connection.prototype.close() no longer accepts a callback[39m
[31mMongooseError: Connection.prototype.close() no longer accepts a callback[39m
[31m    at NativeConnection.close (D:\project\mobile_apps\backends\JobConnect\Backend\node_modules\mongoose\lib\connection.js:1205:11)[39m
[31m    at Server.<anonymous> (D:\project\mobile_apps\backends\JobConnect\Backend\src\server.js:414:29)[39m
[31m    at Object.onceWrapper (node:events:621:28)[39m
[31m    at Server.emit (node:events:519:35)[39m
[31m    at emitCloseNT (node:net:2416:8)[39m
[31m    at process.processTicksAndRejections (node:internal/process/task_queues:89:21)[39m
2026-01-02 12:18:48:1848 [31merror[39m: [31munhandledRejection: Connection.prototype.close() no longer accepts a callback[39m
[31mMongooseError: Connection.prototype.close() no longer accepts a callback[39m
[31m    at NativeConnection.close (D:\project\mobile_apps\backends\JobConnect\Backend\node_modules\mongoose\lib\connection.js:1205:11)[39m
[31m    at Server.<anonymous> (D:\project\mobile_apps\backends\JobConnect\Backend\src\server.js:414:29)[39m
[31m    at Object.onceWrapper (node:events:621:28)[39m
[31m    at Server.emit (node:events:519:35)[39m
[31m    at emitCloseNT (node:net:2416:8)[39m
[31m    at process.processTicksAndRejections (node:internal/process/task_queues:89:21)[39m
2026-01-02 12:22:24:2224 [31merror[39m: [31munhandledRejection: Connection.prototype.close() no longer accepts a callback[39m
[31mMongooseError: Connection.prototype.close() no longer accepts a callback[39m
[31m    at NativeConnection.close (D:\project\mobile_apps\backends\JobConnect\Backend\node_modules\mongoose\lib\connection.js:1205:11)[39m
[31m    at Server.<anonymous> (D:\project\mobile_apps\backends\JobConnect\Backend\src\server.js:414:29)[39m
[31m    at Object.onceWrapper (node:events:621:28)[39m
[31m    at Server.emit (node:events:519:35)[39m
[31m    at emitCloseNT (node:net:2416:8)[39m
[31m    at process.processTicksAndRejections (node:internal/process/task_queues:89:21)[39m
2026-01-02 12:24:29:2429 [31merror[39m: [31munhandledRejection: Connection.prototype.close() no longer accepts a callback[39m
[31mMongooseError: Connection.prototype.close() no longer accepts a callback[39m
[31m    at NativeConnection.close (D:\project\mobile_apps\backends\JobConnect\Backend\node_modules\mongoose\lib\connection.js:1205:11)[39m
[31m    at Server.<anonymous> (D:\project\mobile_apps\backends\JobConnect\Backend\src\server.js:414:29)[39m
[31m    at Object.onceWrapper (node:events:621:28)[39m
[31m    at Server.emit (node:events:519:35)[39m
[31m    at emitCloseNT (node:net:2416:8)[39m
[31m    at process.processTicksAndRejections (node:internal/process/task_queues:89:21)[39m
2026-01-02 12:54:48:5448 [31merror[39m: [31munhandledRejection: Connection.prototype.close() no longer accepts a callback[39m
[31mMongooseError: Connection.prototype.close() no longer accepts a callback[39m
[31m    at NativeConnection.close (D:\project\mobile_apps\backends\JobConnect\Backend\node_modules\mongoose\lib\connection.js:1205:11)[39m
[31m    at Server.<anonymous> (D:\project\mobile_apps\backends\JobConnect\Backend\src\server.js:414:29)[39m
[31m    at Object.onceWrapper (node:events:621:28)[39m
[31m    at Server.emit (node:events:519:35)[39m
[31m    at emitCloseNT (node:net:2416:8)[39m
[31m    at process.processTicksAndRejections (node:internal/process/task_queues:89:21)[39m
2026-01-02 15:23:47:2347 [31merror[39m: [31munhandledRejection: Connection.prototype.close() no longer accepts a callback[39m
[31mMongooseError: Connection.prototype.close() no longer accepts a callback[39m
[31m    at NativeConnection.close (D:\project\mobile_apps\backends\JobConnect\Backend\node_modules\mongoose\lib\connection.js:1205:11)[39m
[31m    at Server.<anonymous> (D:\project\mobile_apps\backends\JobConnect\Backend\src\server.js:414:29)[39m
[31m    at Object.onceWrapper (node:events:621:28)[39m
[31m    at Server.emit (node:events:519:35)[39m
[31m    at emitCloseNT (node:net:2416:8)[39m
[31m    at process.processTicksAndRejections (node:internal/process/task_queues:89:21)[39m
2026-01-02 16:31:40:3140 [31merror[39m: [31munhandledRejection: Connection.prototype.close() no longer accepts a callback[39m
[31mMongooseError: Connection.prototype.close() no longer accepts a callback[39m
[31m    at NativeConnection.close (D:\project\mobile_apps\backends\JobConnect\Backend\node_modules\mongoose\lib\connection.js:1205:11)[39m
[31m    at Server.<anonymous> (D:\project\mobile_apps\backends\JobConnect\Backend\src\server.js:414:29)[39m
[31m    at Object.onceWrapper (node:events:621:28)[39m
[31m    at Server.emit (node:events:519:35)[39m
[31m    at emitCloseNT (node:net:2416:8)[39m
[31m    at process.processTicksAndRejections (node:internal/process/task_queues:89:21)[39m
2026-01-02 16:31:50:3150 [31merror[39m: [31munhandledRejection: Connection.prototype.close() no longer accepts a callback[39m
[31mMongooseError: Connection.prototype.close() no longer accepts a callback[39m
[31m    at NativeConnection.close (D:\project\mobile_apps\backends\JobConnect\Backend\node_modules\mongoose\lib\connection.js:1205:11)[39m
[31m    at Server.<anonymous> (D:\project\mobile_apps\backends\JobConnect\Backend\src\server.js:414:29)[39m
[31m    at Object.onceWrapper (node:events:621:28)[39m
[31m    at Server.emit (node:events:519:35)[39m
[31m    at emitCloseNT (node:net:2416:8)[39m
[31m    at process.processTicksAndRejections (node:internal/process/task_queues:89:21)[39m
2026-01-02 16:37:07:377 [31merror[39m: [31munhandledRejection: Connection.prototype.close() no longer accepts a callback[39m
[31mMongooseError: Connection.prototype.close() no longer accepts a callback[39m
[31m    at NativeConnection.close (D:\project\mobile_apps\backends\JobConnect\Backend\node_modules\mongoose\lib\connection.js:1205:11)[39m
[31m    at Server.<anonymous> (D:\project\mobile_apps\backends\JobConnect\Backend\src\server.js:414:29)[39m
[31m    at Object.onceWrapper (node:events:621:28)[39m
[31m    at Server.emit (node:events:519:35)[39m
[31m    at emitCloseNT (node:net:2416:8)[39m
[31m    at process.processTicksAndRejections (node:internal/process/task_queues:89:21)[39m
2026-01-07 15:41:08:418 [31merror[39m: [31munhandledRejection: Connection.prototype.close() no longer accepts a callback[39m
[31mMongooseError: Connection.prototype.close() no longer accepts a callback[39m
[31m    at NativeConnection.close (D:\project\mobile_apps\backends\JobConnect\Backend\node_modules\mongoose\lib\connection.js:1205:11)[39m
[31m    at Server.<anonymous> (D:\project\mobile_apps\backends\JobConnect\Backend\src\server.js:414:29)[39m
[31m    at Object.onceWrapper (node:events:621:28)[39m
[31m    at Server.emit (node:events:519:35)[39m
[31m    at emitCloseNT (node:net:2416:8)[39m
[31m    at process.processTicksAndRejections (node:internal/process/task_queues:89:21)[39m
2026-01-07 16:22:08:228 [31merror[39m: [31munhandledRejection: Connection.prototype.close() no longer accepts a callback[39m
[31mMongooseError: Connection.prototype.close() no longer accepts a callback[39m
[31m    at NativeConnection.close (D:\project\mobile_apps\backends\JobConnect\Backend\node_modules\mongoose\lib\connection.js:1205:11)[39m
[31m    at Server.<anonymous> (D:\project\mobile_apps\backends\JobConnect\Backend\src\server.js:414:29)[39m
[31m    at Object.onceWrapper (node:events:621:28)[39m
[31m    at Server.emit (node:events:519:35)[39m
[31m    at emitCloseNT (node:net:2416:8)[39m
[31m    at process.processTicksAndRejections (node:internal/process/task_queues:89:21)[39m
2026-01-07 16:29:20:2920 [31merror[39m: [31munhandledRejection: Connection.prototype.close() no longer accepts a callback[39m
[31mMongooseError: Connection.prototype.close() no longer accepts a callback[39m
[31m    at NativeConnection.close (D:\project\mobile_apps\backends\JobConnect\Backend\node_modules\mongoose\lib\connection.js:1205:11)[39m
[31m    at Server.<anonymous> (D:\project\mobile_apps\backends\JobConnect\Backend\src\server.js:414:29)[39m
[31m    at Object.onceWrapper (node:events:621:28)[39m
[31m    at Server.emit (node:events:519:35)[39m
[31m    at emitCloseNT (node:net:2416:8)[39m
[31m    at process.processTicksAndRejections (node:internal/process/task_queues:89:21)[39m
2026-01-07 16:37:40:3740 [31merror[39m: [31munhandledRejection: Connection.prototype.close() no longer accepts a callback[39m
[31mMongooseError: Connection.prototype.close() no longer accepts a callback[39m
[31m    at NativeConnection.close (D:\project\mobile_apps\backends\JobConnect\Backend\node_modules\mongoose\lib\connection.js:1205:11)[39m
[31m    at Server.<anonymous> (D:\project\mobile_apps\backends\JobConnect\Backend\src\server.js:414:29)[39m
[31m    at Object.onceWrapper (node:events:621:28)[39m
[31m    at Server.emit (node:events:519:35)[39m
[31m    at emitCloseNT (node:net:2416:8)[39m
[31m    at process.processTicksAndRejections (node:internal/process/task_queues:89:21)[39m
2026-01-09 08:13:11:1311 [31merror[39m: [31munhandledRejection: Connection.prototype.close() no longer accepts a callback[39m
[31mMongooseError: Connection.prototype.close() no longer accepts a callback[39m
[31m    at NativeConnection.close (D:\project\mobile_apps\backends\JobConnect\Backend\node_modules\mongoose\lib\connection.js:1205:11)[39m
[31m    at Server.<anonymous> (D:\project\mobile_apps\backends\JobConnect\Backend\src\server.js:414:29)[39m
[31m    at Object.onceWrapper (node:events:621:28)[39m
[31m    at Server.emit (node:events:519:35)[39m
[31m    at emitCloseNT (node:net:2416:8)[39m
[31m    at process.processTicksAndRejections (node:internal/process/task_queues:89:21)[39m
2026-01-09 08:44:06:446 [31merror[39m: [31munhandledRejection: Connection.prototype.close() no longer accepts a callback[39m
[31mMongooseError: Connection.prototype.close() no longer accepts a callback[39m
[31m    at NativeConnection.close (D:\project\mobile_apps\backends\JobConnect\Backend\node_modules\mongoose\lib\connection.js:1205:11)[39m
[31m    at Server.<anonymous> (D:\project\mobile_apps\backends\JobConnect\Backend\src\server.js:414:29)[39m
[31m    at Object.onceWrapper (node:events:621:28)[39m
[31m    at Server.emit (node:events:519:35)[39m
[31m    at emitCloseNT (node:net:2416:8)[39m
[31m    at process.processTicksAndRejections (node:internal/process/task_queues:89:21)[39m
2026-01-09 10:29:15:2915 [31merror[39m: [31munhandledRejection: Connection.prototype.close() no longer accepts a callback[39m
[31mMongooseError: Connection.prototype.close() no longer accepts a callback[39m
[31m    at NativeConnection.close (D:\project\mobile_apps\backends\JobConnect\Backend\node_modules\mongoose\lib\connection.js:1205:11)[39m
[31m    at Server.<anonymous> (D:\project\mobile_apps\backends\JobConnect\Backend\src\server.js:414:29)[39m
[31m    at Object.onceWrapper (node:events:621:28)[39m
[31m    at Server.emit (node:events:519:35)[39m
[31m    at emitCloseNT (node:net:2416:8)[39m
[31m    at process.processTicksAndRejections (node:internal/process/task_queues:89:21)[39m
2026-01-09 10:49:39:4939 [31merror[39m: [31munhandledRejection: Connection.prototype.close() no longer accepts a callback[39m
[31mMongooseError: Connection.prototype.close() no longer accepts a callback[39m
[31m    at NativeConnection.close (D:\project\mobile_apps\backends\JobConnect\Backend\node_modules\mongoose\lib\connection.js:1205:11)[39m
[31m    at Server.<anonymous> (D:\project\mobile_apps\backends\JobConnect\Backend\src\server.js:414:29)[39m
[31m    at Object.onceWrapper (node:events:621:28)[39m
[31m    at Server.emit (node:events:519:35)[39m
[31m    at emitCloseNT (node:net:2416:8)[39m
[31m    at process.processTicksAndRejections (node:internal/process/task_queues:89:21)[39m
2026-01-09 10:54:16:5416 [31merror[39m: [31munhandledRejection: Connection.prototype.close() no longer accepts a callback[39m
[31mMongooseError: Connection.prototype.close() no longer accepts a callback[39m
[31m    at NativeConnection.close (D:\project\mobile_apps\backends\JobConnect\Backend\node_modules\mongoose\lib\connection.js:1205:11)[39m
[31m    at Server.<anonymous> (D:\project\mobile_apps\backends\JobConnect\Backend\src\server.js:414:29)[39m
[31m    at Object.onceWrapper (node:events:621:28)[39m
[31m    at Server.emit (node:events:519:35)[39m
[31m    at emitCloseNT (node:net:2416:8)[39m
[31m    at process.processTicksAndRejections (node:internal/process/task_queues:89:21)[39m
2026-01-09 11:47:27:4727 [31merror[39m: [31munhandledRejection: Connection.prototype.close() no longer accepts a callback[39m
[31mMongooseError: Connection.prototype.close() no longer accepts a callback[39m
[31m    at NativeConnection.close (D:\project\mobile_apps\backends\JobConnect\Backend\node_modules\mongoose\lib\connection.js:1205:11)[39m
[31m    at Server.<anonymous> (D:\project\mobile_apps\backends\JobConnect\Backend\src\server.js:414:29)[39m
[31m    at Object.onceWrapper (node:events:621:28)[39m
[31m    at Server.emit (node:events:519:35)[39m
[31m    at emitCloseNT (node:net:2416:8)[39m
[31m    at process.processTicksAndRejections (node:internal/process/task_queues:89:21)[39m
